date,cash_30d,positions_value_30d,total_equity_30d,open_positions_30d,cash_60d,positions_value_60d,total_equity_60d,open_positions_60d,cash_90d,positions_value_90d,total_equity_90d,open_positions_90d,return_30d,return_60d,return_90d
2024-01-03 00:00:00,0.0,10000.0,10000.0,46.0,0.0,10000.0,10000.0,46.0,0.0,10000.0,10000.0,46.0,,,
2024-01-04 00:00:00,0.0,10000.0,10000.0,46.0,0.0,10000.0,10000.0,46.0,0.0,10000.0,10000.0,46.0,,,
2024-01-05 00:00:00,0.0,10000.0,10000.0,46.0,0.0,10000.0,10000.0,46.0,0.0,10000.0,10000.0,46.0,,,
2024-01-08 00:00:00,0.0,10000.0,10000.0,46.0,0.0,10000.0,10000.0,46.0,0.0,10000.0,10000.0,46.0,,,
2024-01-09 00:00:00,0.0,10000.0,10000.0,46.0,0.0,10000.0,10000.0,46.0,0.0,10000.0,10000.0,46.0,,,
2024-01-10 00:00:00,0.0,10000.0,10000.0,46.0,0.0,10000.0,10000.0,46.0,0.0,10000.0,10000.0,46.0,,,
2024-01-11 00:00:00,0.0,10000.0,10000.0,46.0,0.0,10000.0,10000.0,46.0,0.0,10000.0,10000.0,46.0,,,
2024-01-12 00:00:00,0.0,10000.0,10000.0,46.0,0.0,10000.0,10000.0,46.0,0.0,10000.0,10000.0,46.0,,,
2024-01-16 00:00:00,0.0,10000.0,10000.0,46.0,0.0,10000.0,10000.0,46.0,0.0,10000.0,10000.0,46.0,,,
2024-01-17 00:00:00,0.0,10000.0,10000.0,46.0,0.0,10000.0,10000.0,46.0,0.0,10000.0,10000.0,46.0,,,
2024-01-18 00:00:00,0.0,10000.0,10000.0,46.0,0.0,10000.0,10000.0,46.0,0.0,10000.0,10000.0,46.0,,,
2024-01-19 00:00:00,0.0,10000.0,10000.0,46.0,0.0,10000.0,10000.0,46.0,0.0,10000.0,10000.0,46.0,,,
2024-01-22 00:00:00,0.0,10000.0,10000.0,46.0,0.0,10000.0,10000.0,46.0,0.0,10000.0,10000.0,46.0,,,
2024-01-23 00:00:00,0.0,10000.0,10000.0,46.0,0.0,10000.0,10000.0,46.0,0.0,10000.0,10000.0,46.0,,,
2024-01-24 00:00:00,0.0,10000.0,10000.0,46.0,0.0,10000.0,10000.0,46.0,0.0,10000.0,10000.0,46.0,,,
2024-01-25 00:00:00,0.0,10000.0,10000.0,46.0,0.0,10000.0,10000.0,46.0,0.0,10000.0,10000.0,46.0,,,
2024-01-26 00:00:00,0.0,10000.0,10000.0,46.0,0.0,10000.0,10000.0,46.0,0.0,10000.0,10000.0,46.0,,,
2024-01-29 00:00:00,0.0,10000.0,10000.0,46.0,0.0,10000.0,10000.0,46.0,0.0,10000.0,10000.0,46.0,,,
2024-01-30 00:00:00,0.0,10000.0,10000.0,46.0,0.0,10000.0,10000.0,46.0,0.0,10000.0,10000.0,46.0,,,
2024-01-31 00:00:00,0.0,10000.0,10000.0,46.0,0.0,10000.0,10000.0,46.0,0.0,10000.0,10000.0,46.0,,,
2024-02-01 00:00:00,0.0,9882.335751597895,9882.335751597895,43.0,0.0,10000.0,10000.0,46.0,0.0,10000.0,10000.0,46.0,,,
2024-02-02 00:00:00,0.0,9882.335751597895,9882.335751597895,43.0,0.0,10000.0,10000.0,46.0,0.0,10000.0,10000.0,46.0,,,
2024-02-05 00:00:00,0.0,9882.335751597895,9882.335751597895,43.0,0.0,10000.0,10000.0,46.0,0.0,10000.0,10000.0,46.0,,,
2024-02-06 00:00:00,0.0,9882.335751597895,9882.335751597895,43.0,0.0,10000.0,10000.0,46.0,0.0,10000.0,10000.0,46.0,,,
2024-02-07 00:00:00,0.0,9882.335751597895,9882.335751597895,43.0,0.0,10000.0,10000.0,46.0,0.0,10000.0,10000.0,46.0,,,
2024-02-08 00:00:00,0.0,9882.335751597895,9882.335751597895,43.0,0.0,10000.0,10000.0,46.0,0.0,10000.0,10000.0,46.0,,,
2024-02-09 00:00:00,0.0,9882.335751597895,9882.335751597895,43.0,0.0,10000.0,10000.0,46.0,0.0,10000.0,10000.0,46.0,,,
2024-02-12 00:00:00,0.0,9882.335751597895,9882.335751597895,43.0,0.0,10000.0,10000.0,46.0,0.0,10000.0,10000.0,46.0,,,
2024-02-13 00:00:00,0.0,9882.335751597895,9882.335751597895,43.0,0.0,10000.0,10000.0,46.0,0.0,10000.0,10000.0,46.0,,,
2024-02-14 00:00:00,0.0,9882.335751597895,9882.335751597895,43.0,0.0,10000.0,10000.0,46.0,0.0,10000.0,10000.0,46.0,,,
2024-02-15 00:00:00,0.0,9882.335751597895,9882.335751597895,43.0,0.0,10000.0,10000.0,46.0,0.0,10000.0,10000.0,46.0,,,
2024-02-16 00:00:00,0.0,9882.335751597895,9882.335751597895,43.0,0.0,10000.0,10000.0,46.0,0.0,10000.0,10000.0,46.0,,,
2024-02-20 00:00:00,0.0,9882.335751597895,9882.335751597895,43.0,0.0,10000.0,10000.0,46.0,0.0,10000.0,10000.0,46.0,,,
2024-02-21 00:00:00,0.0,9882.335751597895,9882.335751597895,43.0,0.0,10000.0,10000.0,46.0,0.0,10000.0,10000.0,46.0,,,
2024-02-22 00:00:00,0.0,9882.335751597895,9882.335751597895,43.0,0.0,10000.0,10000.0,46.0,0.0,10000.0,10000.0,46.0,,,
2024-02-23 00:00:00,0.0,9882.335751597895,9882.335751597895,43.0,0.0,10000.0,10000.0,46.0,0.0,10000.0,10000.0,46.0,,,
2024-02-26 00:00:00,0.0,9882.335751597895,9882.335751597895,43.0,0.0,10000.0,10000.0,46.0,0.0,10000.0,10000.0,46.0,,,
2024-02-27 00:00:00,0.0,9882.335751597895,9882.335751597895,43.0,0.0,10000.0,10000.0,46.0,0.0,10000.0,10000.0,46.0,,,
2024-02-28 00:00:00,0.0,9882.335751597895,9882.335751597895,43.0,0.0,10000.0,10000.0,46.0,0.0,10000.0,10000.0,46.0,,,
2024-02-29 00:00:00,0.0,9882.335751597895,9882.335751597895,43.0,0.0,10000.0,10000.0,46.0,0.0,10000.0,10000.0,46.0,,,
2024-03-01 00:00:00,0.0,10163.025544282826,10163.025544282826,37.0,0.0,10000.0,10000.0,46.0,0.0,10000.0,10000.0,46.0,,,
2024-03-04 00:00:00,0.0,10163.025544282826,10163.025544282826,37.0,0.0,10031.191763084527,10031.191763084527,36.0,0.0,10000.0,10000.0,46.0,,,
2024-03-05 00:00:00,0.0,10163.025544282826,10163.025544282826,37.0,0.0,10031.191763084527,10031.191763084527,36.0,0.0,10000.0,10000.0,46.0,,,
2024-03-06 00:00:00,0.0,10163.025544282826,10163.025544282826,37.0,0.0,10031.191763084527,10031.191763084527,36.0,0.0,10000.0,10000.0,46.0,,,
2024-03-07 00:00:00,0.0,10163.025544282826,10163.025544282826,37.0,0.0,10031.191763084527,10031.191763084527,36.0,0.0,10000.0,10000.0,46.0,,,
2024-03-08 00:00:00,0.0,10163.025544282826,10163.025544282826,37.0,0.0,10031.191763084527,10031.191763084527,36.0,0.0,10000.0,10000.0,46.0,,,
2024-03-11 00:00:00,0.0,10163.025544282826,10163.025544282826,37.0,0.0,10031.191763084527,10031.191763084527,36.0,0.0,10000.0,10000.0,46.0,,,
2024-03-12 00:00:00,0.0,10163.025544282826,10163.025544282826,37.0,0.0,10031.191763084527,10031.191763084527,36.0,0.0,10000.0,10000.0,46.0,,,
2024-03-13 00:00:00,0.0,10163.025544282826,10163.025544282826,37.0,0.0,10031.191763084527,10031.191763084527,36.0,0.0,10000.0,10000.0,46.0,,,
2024-03-14 00:00:00,0.0,10163.025544282826,10163.025544282826,37.0,0.0,10031.191763084527,10031.191763084527,36.0,0.0,10000.0,10000.0,46.0,,,
2024-03-15 00:00:00,0.0,10163.025544282826,10163.025544282826,37.0,0.0,10031.191763084527,10031.191763084527,36.0,0.0,10000.0,10000.0,46.0,,,
2024-03-18 00:00:00,0.0,10163.025544282826,10163.025544282826,37.0,0.0,10031.191763084527,10031.191763084527,36.0,0.0,10000.0,10000.0,46.0,,,
2024-03-19 00:00:00,0.0,10163.025544282826,10163.025544282826,37.0,0.0,10031.191763084527,10031.191763084527,36.0,0.0,10000.0,10000.0,46.0,,,
2024-03-20 00:00:00,0.0,10163.025544282826,10163.025544282826,37.0,0.0,10031.191763084527,10031.191763084527,36.0,0.0,10000.0,10000.0,46.0,,,
2024-03-21 00:00:00,0.0,10163.025544282826,10163.025544282826,37.0,0.0,10031.191763084527,10031.191763084527,36.0,0.0,10000.0,10000.0,46.0,,,
2024-03-22 00:00:00,0.0,10163.025544282826,10163.025544282826,37.0,0.0,10031.191763084527,10031.191763084527,36.0,0.0,10000.0,10000.0,46.0,,,
2024-03-25 00:00:00,0.0,10163.025544282826,10163.025544282826,37.0,0.0,10031.191763084527,10031.191763084527,36.0,0.0,10000.0,10000.0,46.0,,,
2024-03-26 00:00:00,0.0,10163.025544282826,10163.025544282826,37.0,0.0,10031.191763084527,10031.191763084527,36.0,0.0,10000.0,10000.0,46.0,,,
2024-03-27 00:00:00,0.0,10163.025544282826,10163.025544282826,37.0,0.0,10031.191763084527,10031.191763084527,36.0,0.0,10000.0,10000.0,46.0,,,
2024-03-28 00:00:00,0.0,10163.025544282826,10163.025544282826,37.0,0.0,10031.191763084527,10031.191763084527,36.0,0.0,10000.0,10000.0,46.0,,,
2024-04-01 00:00:00,0.0,10488.077978434625,10488.077978434625,29.0,0.0,10031.191763084527,10031.191763084527,36.0,0.0,10827.800778991095,10827.800778991095,29.0,,,
2024-04-02 00:00:00,0.0,10488.077978434625,10488.077978434625,29.0,0.0,10031.191763084527,10031.191763084527,36.0,0.0,10827.800778991095,10827.800778991095,29.0,,,
2024-04-03 00:00:00,0.0,10488.077978434625,10488.077978434625,29.0,0.0,10031.191763084527,10031.191763084527,36.0,0.0,10827.800778991095,10827.800778991095,29.0,,,
2024-04-04 00:00:00,0.0,10488.077978434625,10488.077978434625,29.0,0.0,10031.191763084527,10031.191763084527,36.0,0.0,10827.800778991095,10827.800778991095,29.0,,,
2024-04-05 00:00:00,0.0,10488.077978434625,10488.077978434625,29.0,0.0,10031.191763084527,10031.191763084527,36.0,0.0,10827.800778991095,10827.800778991095,29.0,,,
2024-04-08 00:00:00,0.0,10488.077978434625,10488.077978434625,29.0,0.0,10031.191763084527,10031.191763084527,36.0,0.0,10827.800778991095,10827.800778991095,29.0,,,
2024-04-09 00:00:00,0.0,10488.077978434625,10488.077978434625,29.0,0.0,10031.191763084527,10031.191763084527,36.0,0.0,10827.800778991095,10827.800778991095,29.0,,,
2024-04-10 00:00:00,0.0,10488.077978434625,10488.077978434625,29.0,0.0,10031.191763084527,10031.191763084527,36.0,0.0,10827.800778991095,10827.800778991095,29.0,,,
2024-04-11 00:00:00,0.0,10488.077978434625,10488.077978434625,29.0,0.0,10031.191763084527,10031.191763084527,36.0,0.0,10827.800778991095,10827.800778991095,29.0,,,
2024-04-12 00:00:00,0.0,10488.077978434625,10488.077978434625,29.0,0.0,10031.191763084527,10031.191763084527,36.0,0.0,10827.800778991095,10827.800778991095,29.0,,,
2024-04-15 00:00:00,0.0,10488.077978434625,10488.077978434625,29.0,0.0,10031.191763084527,10031.191763084527,36.0,0.0,10827.800778991095,10827.800778991095,29.0,,,
2024-04-16 00:00:00,0.0,10488.077978434625,10488.077978434625,29.0,0.0,10031.191763084527,10031.191763084527,36.0,0.0,10827.800778991095,10827.800778991095,29.0,,,
2024-04-17 00:00:00,0.0,10488.077978434625,10488.077978434625,29.0,0.0,10031.191763084527,10031.191763084527,36.0,0.0,10827.800778991095,10827.800778991095,29.0,,,
2024-04-18 00:00:00,0.0,10488.077978434625,10488.077978434625,29.0,0.0,10031.191763084527,10031.191763084527,36.0,0.0,10827.800778991095,10827.800778991095,29.0,,,
2024-04-19 00:00:00,0.0,10488.077978434625,10488.077978434625,29.0,0.0,10031.191763084527,10031.191763084527,36.0,0.0,10827.800778991095,10827.800778991095,29.0,,,
2024-04-22 00:00:00,0.0,10488.077978434625,10488.077978434625,29.0,0.0,10031.191763084527,10031.191763084527,36.0,0.0,10827.800778991095,10827.800778991095,29.0,,,
2024-04-23 00:00:00,0.0,10488.077978434625,10488.077978434625,29.0,0.0,10031.191763084527,10031.191763084527,36.0,0.0,10827.800778991095,10827.800778991095,29.0,,,
2024-04-24 00:00:00,0.0,10488.077978434625,10488.077978434625,29.0,0.0,10031.191763084527,10031.191763084527,36.0,0.0,10827.800778991095,10827.800778991095,29.0,,,
2024-04-25 00:00:00,0.0,10488.077978434625,10488.077978434625,29.0,0.0,10031.191763084527,10031.191763084527,36.0,0.0,10827.800778991095,10827.800778991095,29.0,,,
2024-04-26 00:00:00,0.0,10488.077978434625,10488.077978434625,29.0,0.0,10031.191763084527,10031.191763084527,36.0,0.0,10827.800778991095,10827.800778991095,29.0,,,
2024-04-29 00:00:00,0.0,10079.799030534636,10079.799030534636,26.0,0.0,10031.191763084527,10031.191763084527,36.0,0.0,10827.800778991095,10827.800778991095,29.0,,,
2024-04-30 00:00:00,0.0,10079.799030534636,10079.799030534636,26.0,0.0,9692.014401487875,9692.014401487875,32.0,0.0,10827.800778991095,10827.800778991095,29.0,,,
2024-05-01 00:00:00,0.0,10079.799030534636,10079.799030534636,26.0,0.0,9692.014401487875,9692.014401487875,32.0,0.0,10827.800778991095,10827.800778991095,29.0,,,
2024-05-02 00:00:00,0.0,10079.799030534636,10079.799030534636,26.0,0.0,9692.014401487875,9692.014401487875,32.0,0.0,10827.800778991095,10827.800778991095,29.0,,,
2024-05-03 00:00:00,0.0,10079.799030534636,10079.799030534636,26.0,0.0,9692.014401487875,9692.014401487875,32.0,0.0,10827.800778991095,10827.800778991095,29.0,,,
2024-05-06 00:00:00,0.0,10079.799030534636,10079.799030534636,26.0,0.0,9692.014401487875,9692.014401487875,32.0,0.0,10827.800778991095,10827.800778991095,29.0,,,
2024-05-07 00:00:00,0.0,10079.799030534636,10079.799030534636,26.0,0.0,9692.014401487875,9692.014401487875,32.0,0.0,10827.800778991095,10827.800778991095,29.0,,,
2024-05-08 00:00:00,0.0,10079.799030534636,10079.799030534636,26.0,0.0,9692.014401487875,9692.014401487875,32.0,0.0,10827.800778991095,10827.800778991095,29.0,,,
2024-05-09 00:00:00,0.0,10079.799030534636,10079.799030534636,26.0,0.0,9692.014401487875,9692.014401487875,32.0,0.0,10827.800778991095,10827.800778991095,29.0,,,
2024-05-10 00:00:00,0.0,10079.799030534636,10079.799030534636,26.0,0.0,9692.014401487875,9692.014401487875,32.0,0.0,10827.800778991095,10827.800778991095,29.0,,,
2024-05-13 00:00:00,0.0,10079.799030534636,10079.799030534636,26.0,0.0,9692.014401487875,9692.014401487875,32.0,0.0,10827.800778991095,10827.800778991095,29.0,,,
2024-05-14 00:00:00,0.0,10079.799030534636,10079.799030534636,26.0,0.0,9692.014401487875,9692.014401487875,32.0,0.0,10827.800778991095,10827.800778991095,29.0,,,
2024-05-15 00:00:00,0.0,10079.799030534636,10079.799030534636,26.0,0.0,9692.014401487875,9692.014401487875,32.0,0.0,10827.800778991095,10827.800778991095,29.0,,,
2024-05-16 00:00:00,0.0,10079.799030534636,10079.799030534636,26.0,0.0,9692.014401487875,9692.014401487875,32.0,0.0,10827.800778991095,10827.800778991095,29.0,,,
2024-05-17 00:00:00,0.0,10079.799030534636,10079.799030534636,26.0,0.0,9692.014401487875,9692.014401487875,32.0,0.0,10827.800778991095,10827.800778991095,29.0,,,
2024-05-20 00:00:00,0.0,10079.799030534636,10079.799030534636,26.0,0.0,9692.014401487875,9692.014401487875,32.0,0.0,10827.800778991095,10827.800778991095,29.0,,,
2024-05-21 00:00:00,0.0,10079.799030534636,10079.799030534636,26.0,0.0,9692.014401487875,9692.014401487875,32.0,0.0,10827.800778991095,10827.800778991095,29.0,,,
2024-05-22 00:00:00,0.0,10079.799030534636,10079.799030534636,26.0,0.0,9692.014401487875,9692.014401487875,32.0,0.0,10827.800778991095,10827.800778991095,29.0,,,
2024-05-23 00:00:00,0.0,10079.799030534636,10079.799030534636,26.0,0.0,9692.014401487875,9692.014401487875,32.0,0.0,10827.800778991095,10827.800778991095,29.0,,,
2024-05-24 00:00:00,0.0,10079.799030534636,10079.799030534636,26.0,0.0,9692.014401487875,9692.014401487875,32.0,0.0,10827.800778991095,10827.800778991095,29.0,,,
2024-05-28 00:00:00,0.0,11391.901172792299,11391.901172792299,51.0,0.0,9692.014401487875,9692.014401487875,32.0,0.0,10827.800778991095,10827.800778991095,29.0,,,
2024-05-29 00:00:00,0.0,11391.901172792299,11391.901172792299,51.0,0.0,9692.014401487875,9692.014401487875,32.0,0.0,10827.800778991095,10827.800778991095,29.0,,,
2024-05-30 00:00:00,0.0,11391.901172792299,11391.901172792299,51.0,0.0,9692.014401487875,9692.014401487875,32.0,0.0,10827.800778991095,10827.800778991095,29.0,,,
2024-05-31 00:00:00,0.0,11391.901172792299,11391.901172792299,51.0,0.0,9692.014401487875,9692.014401487875,32.0,0.0,10827.800778991095,10827.800778991095,29.0,,,
2024-06-03 00:00:00,0.0,11391.901172792299,11391.901172792299,51.0,0.0,9692.014401487875,9692.014401487875,32.0,0.0,10827.800778991095,10827.800778991095,29.0,,,
2024-06-04 00:00:00,0.0,11391.901172792299,11391.901172792299,51.0,0.0,9692.014401487875,9692.014401487875,32.0,0.0,10827.800778991095,10827.800778991095,29.0,,,
2024-06-05 00:00:00,0.0,11391.901172792299,11391.901172792299,51.0,0.0,9692.014401487875,9692.014401487875,32.0,0.0,10827.800778991095,10827.800778991095,29.0,,,
2024-06-06 00:00:00,0.0,11391.901172792299,11391.901172792299,51.0,0.0,9692.014401487875,9692.014401487875,32.0,0.0,10827.800778991095,10827.800778991095,29.0,,,
2024-06-07 00:00:00,0.0,11391.901172792299,11391.901172792299,51.0,0.0,9692.014401487875,9692.014401487875,32.0,0.0,10827.800778991095,10827.800778991095,29.0,,,
2024-06-10 00:00:00,0.0,11391.901172792299,11391.901172792299,51.0,0.0,9692.014401487875,9692.014401487875,32.0,0.0,10827.800778991095,10827.800778991095,29.0,,,
2024-06-11 00:00:00,0.0,11391.901172792299,11391.901172792299,51.0,0.0,9692.014401487875,9692.014401487875,32.0,0.0,10827.800778991095,10827.800778991095,29.0,,,
2024-06-12 00:00:00,0.0,11391.901172792299,11391.901172792299,51.0,0.0,9692.014401487875,9692.014401487875,32.0,0.0,10827.800778991095,10827.800778991095,29.0,,,
2024-06-13 00:00:00,0.0,11391.901172792299,11391.901172792299,51.0,0.0,9692.014401487875,9692.014401487875,32.0,0.0,10827.800778991095,10827.800778991095,29.0,,,
2024-06-14 00:00:00,0.0,11391.901172792299,11391.901172792299,51.0,0.0,9692.014401487875,9692.014401487875,32.0,0.0,10827.800778991095,10827.800778991095,29.0,,,
2024-06-17 00:00:00,0.0,11391.901172792299,11391.901172792299,51.0,0.0,9692.014401487875,9692.014401487875,32.0,0.0,10827.800778991095,10827.800778991095,29.0,,,
2024-06-18 00:00:00,0.0,11391.901172792299,11391.901172792299,51.0,0.0,9692.014401487875,9692.014401487875,32.0,0.0,10827.800778991095,10827.800778991095,29.0,,,
2024-06-20 00:00:00,0.0,11391.901172792299,11391.901172792299,51.0,0.0,9692.014401487875,9692.014401487875,32.0,0.0,10827.800778991095,10827.800778991095,29.0,,,
2024-06-21 00:00:00,0.0,11391.901172792299,11391.901172792299,51.0,0.0,9692.014401487875,9692.014401487875,32.0,0.0,10827.800778991095,10827.800778991095,29.0,,,
2024-06-24 00:00:00,0.0,10686.427467333828,10686.427467333828,22.0,0.0,9692.014401487875,9692.014401487875,32.0,0.0,10827.800778991095,10827.800778991095,29.0,,,
2024-06-25 00:00:00,0.0,10686.427467333828,10686.427467333828,22.0,0.0,9692.014401487875,9692.014401487875,32.0,0.0,10827.800778991095,10827.800778991095,29.0,,,
2024-06-26 00:00:00,0.0,10686.427467333828,10686.427467333828,22.0,0.0,9692.014401487875,9692.014401487875,32.0,0.0,11065.734224945225,11065.734224945225,29.0,,,
2024-06-27 00:00:00,0.0,10686.427467333828,10686.427467333828,22.0,0.0,9692.014401487875,9692.014401487875,32.0,0.0,12164.428247649832,12164.428247649832,34.0,,,
2024-06-28 00:00:00,0.0,10686.427467333828,10686.427467333828,22.0,0.0,11247.906393237316,11247.906393237316,22.0,0.0,12164.428247649832,12164.428247649832,34.0,,,
2024-07-01 00:00:00,0.0,10686.427467333828,10686.427467333828,22.0,0.0,11247.906393237316,11247.906393237316,22.0,0.0,12164.428247649832,12164.428247649832,34.0,,,
2024-07-02 00:00:00,0.0,10686.427467333828,10686.427467333828,22.0,0.0,11247.906393237316,11247.906393237316,22.0,0.0,12164.428247649832,12164.428247649832,34.0,,,
2024-07-03 00:00:00,0.0,10686.427467333828,10686.427467333828,22.0,0.0,11247.906393237316,11247.906393237316,22.0,0.0,12164.428247649832,12164.428247649832,34.0,,,
2024-07-05 00:00:00,0.0,10686.427467333828,10686.427467333828,22.0,0.0,11247.906393237316,11247.906393237316,22.0,0.0,12164.428247649832,12164.428247649832,34.0,,,
2024-07-08 00:00:00,0.0,10686.427467333828,10686.427467333828,22.0,0.0,11247.906393237316,11247.906393237316,22.0,0.0,12164.428247649832,12164.428247649832,34.0,,,
2024-07-09 00:00:00,0.0,10686.427467333828,10686.427467333828,22.0,0.0,11247.906393237316,11247.906393237316,22.0,0.0,12164.428247649832,12164.428247649832,34.0,,,
2024-07-10 00:00:00,0.0,10686.427467333828,10686.427467333828,22.0,0.0,11247.906393237316,11247.906393237316,22.0,0.0,12164.428247649832,12164.428247649832,34.0,,,
2024-07-11 00:00:00,0.0,10686.427467333828,10686.427467333828,22.0,0.0,11247.906393237316,11247.906393237316,22.0,0.0,12164.428247649832,12164.428247649832,34.0,,,
2024-07-12 00:00:00,0.0,10686.427467333828,10686.427467333828,22.0,0.0,11247.906393237316,11247.906393237316,22.0,0.0,12164.428247649832,12164.428247649832,34.0,,,
2024-07-15 00:00:00,0.0,10686.427467333828,10686.427467333828,22.0,0.0,11247.906393237316,11247.906393237316,22.0,0.0,12164.428247649832,12164.428247649832,34.0,,,
2024-07-16 00:00:00,0.0,10686.427467333828,10686.427467333828,22.0,0.0,11247.906393237316,11247.906393237316,22.0,0.0,12164.428247649832,12164.428247649832,34.0,,,
2024-07-17 00:00:00,0.0,10686.427467333828,10686.427467333828,22.0,0.0,11247.906393237316,11247.906393237316,22.0,0.0,12164.428247649832,12164.428247649832,34.0,,,
2024-07-18 00:00:00,0.0,10686.427467333828,10686.427467333828,22.0,0.0,11247.906393237316,11247.906393237316,22.0,0.0,12164.428247649832,12164.428247649832,34.0,,,
2024-07-19 00:00:00,0.0,10686.427467333828,10686.427467333828,22.0,0.0,11247.906393237316,11247.906393237316,22.0,0.0,12164.428247649832,12164.428247649832,34.0,,,
2024-07-22 00:00:00,0.0,11739.052003852932,11739.052003852932,24.0,0.0,11247.906393237316,11247.906393237316,22.0,0.0,12164.428247649832,12164.428247649832,34.0,,,
2024-07-23 00:00:00,0.0,11739.052003852932,11739.052003852932,24.0,0.0,11247.906393237316,11247.906393237316,22.0,0.0,12164.428247649832,12164.428247649832,34.0,,,
2024-07-24 00:00:00,0.0,11739.052003852932,11739.052003852932,24.0,0.0,11247.906393237316,11247.906393237316,22.0,0.0,12164.428247649832,12164.428247649832,34.0,,,
2024-07-25 00:00:00,0.0,11739.052003852932,11739.052003852932,24.0,0.0,11247.906393237316,11247.906393237316,22.0,0.0,12164.428247649832,12164.428247649832,34.0,,,
2024-07-26 00:00:00,0.0,11739.052003852932,11739.052003852932,24.0,0.0,11247.906393237316,11247.906393237316,22.0,0.0,12164.428247649832,12164.428247649832,34.0,,,
2024-07-29 00:00:00,0.0,11739.052003852932,11739.052003852932,24.0,0.0,11247.906393237316,11247.906393237316,22.0,0.0,12164.428247649832,12164.428247649832,34.0,,,
2024-07-30 00:00:00,0.0,11739.052003852932,11739.052003852932,24.0,0.0,11247.906393237316,11247.906393237316,22.0,0.0,12164.428247649832,12164.428247649832,34.0,,,
2024-07-31 00:00:00,0.0,11739.052003852932,11739.052003852932,24.0,0.0,11247.906393237316,11247.906393237316,22.0,0.0,12164.428247649832,12164.428247649832,34.0,,,
2024-08-01 00:00:00,0.0,11739.052003852932,11739.052003852932,24.0,0.0,11247.906393237316,11247.906393237316,22.0,0.0,12164.428247649832,12164.428247649832,34.0,,,
2024-08-02 00:00:00,0.0,11739.052003852932,11739.052003852932,24.0,0.0,11247.906393237316,11247.906393237316,22.0,0.0,12164.428247649832,12164.428247649832,34.0,,,
2024-08-05 00:00:00,0.0,11739.052003852932,11739.052003852932,24.0,0.0,11247.906393237316,11247.906393237316,22.0,0.0,12164.428247649832,12164.428247649832,34.0,,,
2024-08-06 00:00:00,0.0,11739.052003852932,11739.052003852932,24.0,0.0,11247.906393237316,11247.906393237316,22.0,0.0,12164.428247649832,12164.428247649832,34.0,,,
2024-08-07 00:00:00,0.0,11739.052003852932,11739.052003852932,24.0,0.0,11247.906393237316,11247.906393237316,22.0,0.0,12164.428247649832,12164.428247649832,34.0,,,
2024-08-08 00:00:00,0.0,11739.052003852932,11739.052003852932,24.0,0.0,11247.906393237316,11247.906393237316,22.0,0.0,12164.428247649832,12164.428247649832,34.0,,,
2024-08-09 00:00:00,0.0,11739.052003852932,11739.052003852932,24.0,0.0,11247.906393237316,11247.906393237316,22.0,0.0,12164.428247649832,12164.428247649832,34.0,,,
2024-08-12 00:00:00,0.0,11739.052003852932,11739.052003852932,24.0,0.0,11247.906393237316,11247.906393237316,22.0,0.0,12164.428247649832,12164.428247649832,34.0,,,
2024-08-13 00:00:00,0.0,11739.052003852932,11739.052003852932,24.0,0.0,11247.906393237316,11247.906393237316,22.0,0.0,12164.428247649832,12164.428247649832,34.0,,,
2024-08-14 00:00:00,0.0,11739.052003852932,11739.052003852932,24.0,0.0,11247.906393237316,11247.906393237316,22.0,0.0,12164.428247649832,12164.428247649832,34.0,,,
2024-08-15 00:00:00,0.0,11739.052003852932,11739.052003852932,24.0,0.0,11247.906393237316,11247.906393237316,22.0,0.0,12164.428247649832,12164.428247649832,34.0,,,
2024-08-16 00:00:00,0.0,11739.052003852932,11739.052003852932,24.0,0.0,11247.906393237316,11247.906393237316,22.0,0.0,12164.428247649832,12164.428247649832,34.0,,,
2024-08-19 00:00:00,0.0,12192.414962097922,12192.414962097922,40.0,0.0,11247.906393237316,11247.906393237316,22.0,0.0,12164.428247649832,12164.428247649832,34.0,,,
2024-08-20 00:00:00,0.0,12192.414962097922,12192.414962097922,40.0,0.0,11247.906393237316,11247.906393237316,22.0,0.0,12164.428247649832,12164.428247649832,34.0,,,
2024-08-21 00:00:00,0.0,12192.414962097922,12192.414962097922,40.0,0.0,11247.906393237316,11247.906393237316,22.0,0.0,12164.428247649832,12164.428247649832,34.0,,,
2024-08-22 00:00:00,0.0,12192.414962097922,12192.414962097922,40.0,0.0,11247.906393237316,11247.906393237316,22.0,0.0,12164.428247649832,12164.428247649832,34.0,,,
2024-08-23 00:00:00,0.0,12192.414962097922,12192.414962097922,40.0,0.0,11247.906393237316,11247.906393237316,22.0,0.0,12164.428247649832,12164.428247649832,34.0,,,
2024-08-26 00:00:00,0.0,12192.414962097922,12192.414962097922,40.0,0.0,11193.728113899338,11193.728113899338,37.0,0.0,12164.428247649832,12164.428247649832,34.0,,,
2024-08-27 00:00:00,0.0,12192.414962097922,12192.414962097922,40.0,0.0,11193.728113899338,11193.728113899338,37.0,0.0,12164.428247649832,12164.428247649832,34.0,,,
2024-08-28 00:00:00,0.0,12192.414962097922,12192.414962097922,40.0,0.0,11193.728113899338,11193.728113899338,37.0,0.0,12164.428247649832,12164.428247649832,34.0,,,
2024-08-29 00:00:00,0.0,12192.414962097922,12192.414962097922,40.0,0.0,11193.728113899338,11193.728113899338,37.0,0.0,12164.428247649832,12164.428247649832,34.0,,,
2024-08-30 00:00:00,0.0,12192.414962097922,12192.414962097922,40.0,0.0,11193.728113899338,11193.728113899338,37.0,0.0,12164.428247649832,12164.428247649832,34.0,,,
2024-09-03 00:00:00,0.0,12192.414962097922,12192.414962097922,40.0,0.0,11193.728113899338,11193.728113899338,37.0,0.0,12164.428247649832,12164.428247649832,34.0,,,
2024-09-04 00:00:00,0.0,12192.414962097922,12192.414962097922,40.0,0.0,11193.728113899338,11193.728113899338,37.0,0.0,12164.428247649832,12164.428247649832,34.0,,,
2024-09-05 00:00:00,0.0,12192.414962097922,12192.414962097922,40.0,0.0,11193.728113899338,11193.728113899338,37.0,0.0,12164.428247649832,12164.428247649832,34.0,,,
2024-09-06 00:00:00,0.0,12192.414962097922,12192.414962097922,40.0,0.0,11193.728113899338,11193.728113899338,37.0,0.0,12164.428247649832,12164.428247649832,34.0,,,
2024-09-09 00:00:00,0.0,12192.414962097922,12192.414962097922,40.0,0.0,11193.728113899338,11193.728113899338,37.0,0.0,12164.428247649832,12164.428247649832,34.0,,,
2024-09-10 00:00:00,0.0,12192.414962097922,12192.414962097922,40.0,0.0,11193.728113899338,11193.728113899338,37.0,0.0,12164.428247649832,12164.428247649832,34.0,,,
2024-09-11 00:00:00,0.0,12192.414962097922,12192.414962097922,40.0,0.0,11193.728113899338,11193.728113899338,37.0,0.0,12164.428247649832,12164.428247649832,34.0,,,
2024-09-12 00:00:00,0.0,12192.414962097922,12192.414962097922,40.0,0.0,11193.728113899338,11193.728113899338,37.0,0.0,12164.428247649832,12164.428247649832,34.0,,,
2024-09-13 00:00:00,0.0,12192.414962097922,12192.414962097922,40.0,0.0,11193.728113899338,11193.728113899338,37.0,0.0,12164.428247649832,12164.428247649832,34.0,,,
2024-09-16 00:00:00,1.8189894035458565e-12,12249.987887287118,12249.98788728712,43.0,0.0,11193.728113899338,11193.728113899338,37.0,0.0,12164.428247649832,12164.428247649832,34.0,,,
2024-09-17 00:00:00,0.0,12249.98788728712,12249.98788728712,104.0,0.0,11193.728113899338,11193.728113899338,37.0,0.0,12164.428247649832,12164.428247649832,34.0,,,
2024-09-18 00:00:00,0.0,12249.98788728712,12249.98788728712,104.0,0.0,11193.728113899338,11193.728113899338,37.0,0.0,12164.428247649832,12164.428247649832,34.0,,,
2024-09-19 00:00:00,0.0,12249.98788728712,12249.98788728712,104.0,0.0,11193.728113899338,11193.728113899338,37.0,0.0,12164.428247649832,12164.428247649832,34.0,,,
2024-09-20 00:00:00,0.0,12249.98788728712,12249.98788728712,104.0,0.0,11193.728113899338,11193.728113899338,37.0,0.0,12164.428247649832,12164.428247649832,34.0,,,
2024-09-23 00:00:00,0.0,12249.98788728712,12249.98788728712,104.0,0.0,11193.728113899338,11193.728113899338,37.0,0.0,11519.989999305346,11519.989999305346,48.0,,,
2024-09-24 00:00:00,0.0,12249.98788728712,12249.98788728712,104.0,0.0,11193.728113899338,11193.728113899338,37.0,0.0,11629.619011432775,11629.619011432775,57.0,,,
2024-09-25 00:00:00,0.0,12249.98788728712,12249.98788728712,104.0,0.0,11193.728113899338,11193.728113899338,37.0,0.0,11629.619011432775,11629.619011432775,57.0,,,
2024-09-26 00:00:00,0.0,12249.98788728712,12249.98788728712,104.0,0.0,11193.728113899338,11193.728113899338,37.0,0.0,11629.619011432775,11629.619011432775,57.0,,,
2024-09-27 00:00:00,0.0,12249.98788728712,12249.98788728712,104.0,0.0,11193.728113899338,11193.728113899338,37.0,0.0,11629.619011432775,11629.619011432775,57.0,,,
2024-09-30 00:00:00,0.0,12249.98788728712,12249.98788728712,104.0,0.0,11193.728113899338,11193.728113899338,37.0,0.0,11629.619011432775,11629.619011432775,57.0,,,
2024-10-01 00:00:00,0.0,12249.98788728712,12249.98788728712,104.0,0.0,11193.728113899338,11193.728113899338,37.0,0.0,11629.619011432775,11629.619011432775,57.0,,,
2024-10-02 00:00:00,0.0,12249.98788728712,12249.98788728712,104.0,0.0,11193.728113899338,11193.728113899338,37.0,0.0,11629.619011432775,11629.619011432775,57.0,,,
2024-10-03 00:00:00,0.0,12249.98788728712,12249.98788728712,104.0,0.0,11193.728113899338,11193.728113899338,37.0,0.0,11629.619011432775,11629.619011432775,57.0,,,
2024-10-04 00:00:00,0.0,12249.98788728712,12249.98788728712,104.0,0.0,11193.728113899338,11193.728113899338,37.0,0.0,11629.619011432775,11629.619011432775,57.0,,,
2024-10-07 00:00:00,0.0,12249.98788728712,12249.98788728712,104.0,0.0,11193.728113899338,11193.728113899338,37.0,0.0,11629.619011432775,11629.619011432775,57.0,,,
2024-10-08 00:00:00,0.0,12249.98788728712,12249.98788728712,104.0,0.0,11193.728113899338,11193.728113899338,37.0,0.0,11629.619011432775,11629.619011432775,57.0,,,
2024-10-09 00:00:00,0.0,12249.98788728712,12249.98788728712,104.0,0.0,11193.728113899338,11193.728113899338,37.0,0.0,11629.619011432775,11629.619011432775,57.0,,,
2024-10-10 00:00:00,0.0,12249.98788728712,12249.98788728712,104.0,0.0,11193.728113899338,11193.728113899338,37.0,0.0,11629.619011432775,11629.619011432775,57.0,,,
2024-10-11 00:00:00,0.0,12249.98788728712,12249.98788728712,104.0,0.0,11193.728113899338,11193.728113899338,37.0,0.0,11629.619011432775,11629.619011432775,57.0,,,
2024-10-14 00:00:00,0.0,12290.96941927766,12290.96941927766,70.0,0.0,11193.728113899338,11193.728113899338,37.0,0.0,11629.619011432775,11629.619011432775,57.0,,,
2024-10-15 00:00:00,0.0,12290.96941927766,12290.96941927766,70.0,0.0,11193.728113899338,11193.728113899338,37.0,0.0,11629.619011432775,11629.619011432775,57.0,,,
2024-10-16 00:00:00,0.0,12290.96941927766,12290.96941927766,32.0,0.0,11193.728113899338,11193.728113899338,37.0,0.0,11629.619011432775,11629.619011432775,57.0,,,
2024-10-17 00:00:00,0.0,12290.96941927766,12290.96941927766,32.0,0.0,11193.728113899338,11193.728113899338,37.0,0.0,11629.619011432775,11629.619011432775,57.0,,,
2024-10-18 00:00:00,0.0,12290.96941927766,12290.96941927766,32.0,0.0,11193.728113899338,11193.728113899338,37.0,0.0,11629.619011432775,11629.619011432775,57.0,,,
2024-10-21 00:00:00,0.0,12290.96941927766,12290.96941927766,32.0,0.0,11193.728113899338,11193.728113899338,37.0,0.0,11629.619011432775,11629.619011432775,57.0,,,
2024-10-22 00:00:00,0.0,12290.96941927766,12290.96941927766,32.0,0.0,11381.82197601727,11381.82197601727,19.0,0.0,11629.619011432775,11629.619011432775,57.0,,,
2024-10-23 00:00:00,0.0,12290.96941927766,12290.96941927766,32.0,0.0,11381.82197601727,11381.82197601727,19.0,0.0,11629.619011432775,11629.619011432775,57.0,,,
2024-10-24 00:00:00,0.0,12290.96941927766,12290.96941927766,32.0,0.0,11381.82197601727,11381.82197601727,19.0,0.0,11629.619011432775,11629.619011432775,57.0,,,
2024-10-25 00:00:00,0.0,12290.96941927766,12290.96941927766,32.0,0.0,11381.82197601727,11381.82197601727,19.0,0.0,11629.619011432775,11629.619011432775,57.0,,,
2024-10-28 00:00:00,0.0,12290.96941927766,12290.96941927766,32.0,0.0,11381.82197601727,11381.82197601727,19.0,0.0,11629.619011432775,11629.619011432775,57.0,,,
2024-10-29 00:00:00,0.0,12290.96941927766,12290.96941927766,32.0,0.0,11381.82197601727,11381.82197601727,19.0,0.0,11629.619011432775,11629.619011432775,57.0,,,
2024-10-30 00:00:00,0.0,12290.96941927766,12290.96941927766,32.0,0.0,11381.82197601727,11381.82197601727,19.0,0.0,11629.619011432775,11629.619011432775,57.0,,,
2024-10-31 00:00:00,0.0,12290.96941927766,12290.96941927766,32.0,0.0,11381.82197601727,11381.82197601727,19.0,0.0,11629.619011432775,11629.619011432775,57.0,,,
2024-11-01 00:00:00,0.0,12290.96941927766,12290.96941927766,32.0,0.0,11381.82197601727,11381.82197601727,19.0,0.0,11629.619011432775,11629.619011432775,57.0,,,
2024-11-04 00:00:00,0.0,12290.96941927766,12290.96941927766,32.0,0.0,11381.82197601727,11381.82197601727,19.0,0.0,11629.619011432775,11629.619011432775,57.0,,,
2024-11-05 00:00:00,0.0,12290.96941927766,12290.96941927766,32.0,0.0,11381.82197601727,11381.82197601727,19.0,0.0,11629.619011432775,11629.619011432775,57.0,,,
2024-11-06 00:00:00,0.0,12290.96941927766,12290.96941927766,32.0,0.0,11381.82197601727,11381.82197601727,19.0,0.0,11629.619011432775,11629.619011432775,57.0,,,
2024-11-07 00:00:00,0.0,12290.96941927766,12290.96941927766,32.0,0.0,11381.82197601727,11381.82197601727,19.0,0.0,11629.619011432775,11629.619011432775,57.0,,,
2024-11-08 00:00:00,0.0,12290.96941927766,12290.96941927766,32.0,0.0,11381.82197601727,11381.82197601727,19.0,0.0,11629.619011432775,11629.619011432775,57.0,,,
2024-11-11 00:00:00,0.0,13666.889512200758,13666.889512200758,41.0,0.0,11381.82197601727,11381.82197601727,19.0,0.0,11629.619011432775,11629.619011432775,57.0,,,
2024-11-12 00:00:00,0.0,13666.889512200758,13666.889512200758,41.0,0.0,11381.82197601727,11381.82197601727,19.0,0.0,11629.619011432775,11629.619011432775,57.0,,,
2024-11-13 00:00:00,0.0,13666.889512200758,13666.889512200758,41.0,0.0,11381.82197601727,11381.82197601727,19.0,0.0,11629.619011432775,11629.619011432775,57.0,,,
2024-11-14 00:00:00,0.0,13666.889512200758,13666.889512200758,64.0,0.0,11381.82197601727,11381.82197601727,19.0,0.0,11629.619011432775,11629.619011432775,57.0,,,
2024-11-15 00:00:00,0.0,13666.889512200758,13666.889512200758,64.0,0.0,11381.82197601727,11381.82197601727,19.0,0.0,11629.619011432775,11629.619011432775,57.0,,,
2024-11-18 00:00:00,0.0,13666.889512200758,13666.889512200758,64.0,0.0,11381.82197601727,11381.82197601727,19.0,0.0,11629.619011432775,11629.619011432775,57.0,,,
2024-11-19 00:00:00,0.0,13666.889512200758,13666.889512200758,64.0,0.0,11381.82197601727,11381.82197601727,19.0,0.0,11629.619011432775,11629.619011432775,57.0,,,
2024-11-20 00:00:00,0.0,13666.889512200758,13666.889512200758,64.0,0.0,11381.82197601727,11381.82197601727,19.0,0.0,11629.619011432775,11629.619011432775,57.0,,,
2024-11-21 00:00:00,0.0,13666.889512200758,13666.889512200758,64.0,0.0,11381.82197601727,11381.82197601727,19.0,0.0,11629.619011432775,11629.619011432775,57.0,,,
2024-11-22 00:00:00,0.0,13666.889512200758,13666.889512200758,64.0,0.0,11381.82197601727,11381.82197601727,19.0,0.0,11629.619011432775,11629.619011432775,57.0,,,
2024-11-25 00:00:00,0.0,13666.889512200758,13666.889512200758,64.0,0.0,11381.82197601727,11381.82197601727,19.0,0.0,11629.619011432775,11629.619011432775,57.0,,,
2024-11-26 00:00:00,0.0,13666.889512200758,13666.889512200758,64.0,0.0,11381.82197601727,11381.82197601727,19.0,0.0,11629.619011432775,11629.619011432775,57.0,,,
2024-11-27 00:00:00,0.0,13666.889512200758,13666.889512200758,64.0,0.0,11381.82197601727,11381.82197601727,19.0,0.0,11629.619011432775,11629.619011432775,57.0,,,
2024-11-29 00:00:00,0.0,13666.889512200758,13666.889512200758,64.0,0.0,11381.82197601727,11381.82197601727,19.0,0.0,11629.619011432775,11629.619011432775,57.0,,,
2024-12-02 00:00:00,0.0,13666.889512200758,13666.889512200758,64.0,0.0,11381.82197601727,11381.82197601727,19.0,0.0,11629.619011432775,11629.619011432775,57.0,,,
2024-12-03 00:00:00,0.0,13666.889512200758,13666.889512200758,64.0,0.0,11381.82197601727,11381.82197601727,19.0,0.0,11629.619011432775,11629.619011432775,57.0,,,
2024-12-04 00:00:00,0.0,13666.889512200758,13666.889512200758,64.0,0.0,11381.82197601727,11381.82197601727,19.0,0.0,11629.619011432775,11629.619011432775,57.0,,,
2024-12-05 00:00:00,0.0,13666.889512200758,13666.889512200758,64.0,0.0,11381.82197601727,11381.82197601727,19.0,0.0,11629.619011432775,11629.619011432775,57.0,,,
2024-12-06 00:00:00,0.0,13666.889512200758,13666.889512200758,64.0,0.0,11381.82197601727,11381.82197601727,19.0,0.0,11629.619011432775,11629.619011432775,57.0,,,
2024-12-09 00:00:00,0.0,13503.969962922114,13503.969962922114,87.0,0.0,11381.82197601727,11381.82197601727,19.0,0.0,11629.619011432775,11629.619011432775,57.0,,,
2024-12-10 00:00:00,0.0,13503.969962922114,13503.969962922114,87.0,0.0,11381.82197601727,11381.82197601727,19.0,0.0,11629.619011432775,11629.619011432775,57.0,,,
2024-12-11 00:00:00,0.0,13503.969962922114,13503.969962922114,87.0,0.0,11381.82197601727,11381.82197601727,19.0,0.0,11629.619011432775,11629.619011432775,57.0,,,
2024-12-12 00:00:00,0.0,13503.969962922114,13503.969962922114,87.0,0.0,11381.82197601727,11381.82197601727,19.0,0.0,11629.619011432775,11629.619011432775,57.0,,,
2024-12-13 00:00:00,0.0,13503.969962922114,13503.969962922114,84.0,0.0,11381.82197601727,11381.82197601727,19.0,0.0,11629.619011432775,11629.619011432775,57.0,,,
2024-12-16 00:00:00,0.0,13503.969962922114,13503.969962922114,84.0,0.0,11381.82197601727,11381.82197601727,19.0,0.0,11629.619011432775,11629.619011432775,57.0,,,
2024-12-17 00:00:00,0.0,13503.969962922114,13503.969962922114,84.0,0.0,11381.82197601727,11381.82197601727,19.0,0.0,11629.619011432775,11629.619011432775,57.0,,,
2024-12-18 00:00:00,0.0,13503.969962922114,13503.969962922114,84.0,0.0,11381.82197601727,11381.82197601727,19.0,0.0,11629.619011432775,11629.619011432775,57.0,,,
2024-12-19 00:00:00,0.0,13503.969962922114,13503.969962922114,84.0,0.0,11381.82197601727,11381.82197601727,19.0,0.0,11681.164187517703,11681.164187517703,71.0,,,
2024-12-20 00:00:00,0.0,13503.969962922114,13503.969962922114,84.0,0.0,15116.142346512279,15116.142346512279,37.0,0.0,11681.164187517703,11681.164187517703,71.0,,,
2024-12-23 00:00:00,0.0,13503.969962922114,13503.969962922114,84.0,0.0,15116.142346512279,15116.142346512279,37.0,-9.094947017729282e-13,11887.611722721027,11887.611722721027,88.0,,,
2024-12-24 00:00:00,0.0,13503.969962922114,13503.969962922114,84.0,0.0,15116.142346512279,15116.142346512279,37.0,-9.094947017729282e-13,11887.611722721027,11887.611722721027,88.0,,,
2024-12-26 00:00:00,0.0,13503.969962922114,13503.969962922114,84.0,0.0,15116.142346512279,15116.142346512279,37.0,-9.094947017729282e-13,11887.611722721027,11887.611722721027,88.0,,,
2024-12-27 00:00:00,0.0,13503.969962922114,13503.969962922114,84.0,0.0,15116.142346512279,15116.142346512279,37.0,-9.094947017729282e-13,11887.611722721027,11887.611722721027,88.0,,,
2024-12-30 00:00:00,0.0,13503.969962922114,13503.969962922114,84.0,0.0,15116.142346512279,15116.142346512279,37.0,-9.094947017729282e-13,11887.611722721027,11887.611722721027,88.0,,,
2024-12-31 00:00:00,0.0,13503.969962922114,13503.969962922114,84.0,0.0,15116.142346512279,15116.142346512279,37.0,-9.094947017729282e-13,11887.611722721027,11887.611722721027,88.0,,,
2025-01-02 00:00:00,0.0,13503.969962922114,13503.969962922114,84.0,0.0,15116.142346512279,15116.142346512279,37.0,-9.094947017729282e-13,11887.611722721027,11887.611722721027,88.0,,,
2025-01-03 00:00:00,0.0,13503.969962922114,13503.969962922114,84.0,0.0,15116.142346512279,15116.142346512279,37.0,-9.094947017729282e-13,11887.611722721027,11887.611722721027,88.0,,,
2025-01-06 00:00:00,0.0,12835.168948294016,12835.168948294016,73.0,0.0,15116.142346512279,15116.142346512279,37.0,-9.094947017729282e-13,11887.611722721027,11887.611722721027,88.0,,,
2025-01-07 00:00:00,0.0,12835.168948294016,12835.168948294016,73.0,0.0,15116.142346512279,15116.142346512279,37.0,-9.094947017729282e-13,11887.611722721027,11887.611722721027,88.0,,,
2025-01-08 00:00:00,0.0,12835.168948294016,12835.168948294016,73.0,0.0,15116.142346512279,15116.142346512279,37.0,-9.094947017729282e-13,11887.611722721027,11887.611722721027,88.0,,,
2025-01-10 00:00:00,0.0,12835.168948294016,12835.168948294016,73.0,0.0,15116.142346512279,15116.142346512279,37.0,-9.094947017729282e-13,11887.611722721027,11887.611722721027,88.0,,,
2025-01-13 00:00:00,0.0,12835.168948294016,12835.168948294016,54.0,0.0,15116.142346512279,15116.142346512279,37.0,-9.094947017729282e-13,11887.611722721027,11887.611722721027,88.0,,,
2025-01-14 00:00:00,0.0,12835.168948294016,12835.168948294016,54.0,0.0,15116.142346512279,15116.142346512279,37.0,-9.094947017729282e-13,11887.611722721027,11887.611722721027,88.0,,,
2025-01-15 00:00:00,0.0,12835.168948294016,12835.168948294016,54.0,0.0,15116.142346512279,15116.142346512279,37.0,-9.094947017729282e-13,11887.611722721027,11887.611722721027,88.0,,,
2025-01-16 00:00:00,0.0,12835.168948294016,12835.168948294016,54.0,0.0,15116.142346512279,15116.142346512279,37.0,-9.094947017729282e-13,11887.611722721027,11887.611722721027,88.0,,,
2025-01-17 00:00:00,0.0,12835.168948294016,12835.168948294016,54.0,0.0,15116.142346512279,15116.142346512279,37.0,-9.094947017729282e-13,11887.611722721027,11887.611722721027,88.0,,,
2025-01-21 00:00:00,0.0,12835.168948294016,12835.168948294016,54.0,0.0,15116.142346512279,15116.142346512279,37.0,-9.094947017729282e-13,11887.611722721027,11887.611722721027,88.0,,,
2025-01-22 00:00:00,0.0,12835.168948294016,12835.168948294016,54.0,0.0,15116.142346512279,15116.142346512279,37.0,-9.094947017729282e-13,11887.611722721027,11887.611722721027,88.0,,,
2025-01-23 00:00:00,0.0,12835.168948294016,12835.168948294016,54.0,0.0,15116.142346512279,15116.142346512279,37.0,-9.094947017729282e-13,11887.611722721027,11887.611722721027,88.0,,,
2025-01-24 00:00:00,0.0,12835.168948294016,12835.168948294016,54.0,0.0,15116.142346512279,15116.142346512279,37.0,-9.094947017729282e-13,11887.611722721027,11887.611722721027,88.0,,,
2025-01-27 00:00:00,0.0,12835.168948294016,12835.168948294016,54.0,0.0,15116.142346512279,15116.142346512279,37.0,-9.094947017729282e-13,11887.611722721027,11887.611722721027,88.0,,,
2025-01-28 00:00:00,0.0,12835.168948294016,12835.168948294016,54.0,0.0,15116.142346512279,15116.142346512279,37.0,-9.094947017729282e-13,11887.611722721027,11887.611722721027,88.0,,,
2025-01-29 00:00:00,0.0,12835.168948294016,12835.168948294016,54.0,0.0,15116.142346512279,15116.142346512279,37.0,-9.094947017729282e-13,11887.611722721027,11887.611722721027,88.0,,,
2025-01-30 00:00:00,0.0,12835.168948294016,12835.168948294016,54.0,0.0,15116.142346512279,15116.142346512279,37.0,-9.094947017729282e-13,11887.611722721027,11887.611722721027,88.0,,,
2025-01-31 00:00:00,0.0,12835.168948294016,12835.168948294016,54.0,0.0,15116.142346512279,15116.142346512279,37.0,-9.094947017729282e-13,11887.611722721027,11887.611722721027,88.0,,,
2025-02-03 00:00:00,0.0,12532.147420066402,12532.147420066402,47.0,0.0,15116.142346512279,15116.142346512279,37.0,-9.094947017729282e-13,11887.611722721027,11887.611722721027,88.0,,,
2025-02-04 00:00:00,0.0,12532.147420066402,12532.147420066402,47.0,0.0,15116.142346512279,15116.142346512279,37.0,-9.094947017729282e-13,11887.611722721027,11887.611722721027,88.0,,,
2025-02-05 00:00:00,0.0,12532.147420066402,12532.147420066402,47.0,0.0,15116.142346512279,15116.142346512279,37.0,-9.094947017729282e-13,11887.611722721027,11887.611722721027,88.0,,,
2025-02-06 00:00:00,0.0,12532.147420066402,12532.147420066402,47.0,0.0,15116.142346512279,15116.142346512279,37.0,-9.094947017729282e-13,11887.611722721027,11887.611722721027,88.0,,,
2025-02-07 00:00:00,0.0,12532.147420066402,12532.147420066402,47.0,0.0,15116.142346512279,15116.142346512279,37.0,-9.094947017729282e-13,11887.611722721027,11887.611722721027,88.0,,,
2025-02-10 00:00:00,0.0,12532.147420066402,12532.147420066402,61.0,0.0,15116.142346512279,15116.142346512279,37.0,-9.094947017729282e-13,11887.611722721027,11887.611722721027,88.0,,,
2025-02-11 00:00:00,0.0,12532.147420066402,12532.147420066402,61.0,0.0,15116.142346512279,15116.142346512279,37.0,-9.094947017729282e-13,11887.611722721027,11887.611722721027,88.0,,,
2025-02-12 00:00:00,0.0,12532.147420066402,12532.147420066402,61.0,0.0,15116.142346512279,15116.142346512279,37.0,-9.094947017729282e-13,11887.611722721027,11887.611722721027,88.0,,,
2025-02-13 00:00:00,0.0,12532.147420066402,12532.147420066402,61.0,0.0,15116.142346512279,15116.142346512279,37.0,-9.094947017729282e-13,11887.611722721027,11887.611722721027,88.0,,,
2025-02-14 00:00:00,0.0,12532.147420066402,12532.147420066402,61.0,0.0,15116.142346512279,15116.142346512279,37.0,-9.094947017729282e-13,11887.611722721027,11887.611722721027,88.0,,,
2025-02-18 00:00:00,0.0,12532.147420066402,12532.147420066402,61.0,0.0,16193.373288515711,16193.373288515711,40.0,-9.094947017729282e-13,11887.611722721027,11887.611722721027,88.0,,,
2025-02-19 00:00:00,0.0,12532.147420066402,12532.147420066402,61.0,0.0,16193.373288515711,16193.373288515711,40.0,-9.094947017729282e-13,11887.611722721027,11887.611722721027,88.0,,,
2025-02-20 00:00:00,0.0,12532.147420066402,12532.147420066402,61.0,0.0,16193.373288515711,16193.373288515711,40.0,-9.094947017729282e-13,11887.611722721027,11887.611722721027,88.0,,,
2025-02-21 00:00:00,0.0,12532.147420066402,12532.147420066402,61.0,0.0,16193.373288515711,16193.373288515711,40.0,-9.094947017729282e-13,11887.611722721027,11887.611722721027,88.0,,,
2025-02-24 00:00:00,0.0,12532.147420066402,12532.147420066402,61.0,0.0,16193.373288515711,16193.373288515711,40.0,-9.094947017729282e-13,11887.611722721027,11887.611722721027,88.0,,,
2025-02-25 00:00:00,0.0,12532.147420066402,12532.147420066402,61.0,0.0,16193.373288515711,16193.373288515711,40.0,-9.094947017729282e-13,11887.611722721027,11887.611722721027,88.0,,,
2025-02-26 00:00:00,0.0,12532.147420066402,12532.147420066402,61.0,0.0,16193.373288515711,16193.373288515711,40.0,-9.094947017729282e-13,11887.611722721027,11887.611722721027,88.0,,,
2025-02-27 00:00:00,0.0,12532.147420066402,12532.147420066402,61.0,0.0,16193.373288515711,16193.373288515711,40.0,-9.094947017729282e-13,11887.611722721027,11887.611722721027,88.0,,,
2025-02-28 00:00:00,0.0,12532.147420066402,12532.147420066402,61.0,0.0,16193.373288515711,16193.373288515711,40.0,-9.094947017729282e-13,11887.611722721027,11887.611722721027,88.0,,,
2025-03-03 00:00:00,0.0,12231.029871400304,12231.029871400304,88.0,0.0,16193.373288515711,16193.373288515711,40.0,-9.094947017729282e-13,11887.611722721027,11887.611722721027,88.0,,,
2025-03-04 00:00:00,0.0,12231.029871400304,12231.029871400304,88.0,0.0,16193.373288515711,16193.373288515711,40.0,-9.094947017729282e-13,11887.611722721027,11887.611722721027,88.0,,,
2025-03-05 00:00:00,0.0,12231.029871400304,12231.029871400304,88.0,0.0,16193.373288515711,16193.373288515711,40.0,-9.094947017729282e-13,11887.611722721027,11887.611722721027,88.0,,,
2025-03-06 00:00:00,0.0,12231.029871400304,12231.029871400304,88.0,0.0,16193.373288515711,16193.373288515711,40.0,-9.094947017729282e-13,11887.611722721027,11887.611722721027,88.0,,,
2025-03-07 00:00:00,0.0,12231.029871400304,12231.029871400304,88.0,0.0,16193.373288515711,16193.373288515711,40.0,-9.094947017729282e-13,11887.611722721027,11887.611722721027,88.0,,,
2025-03-10 00:00:00,0.0,12231.029871400304,12231.029871400304,112.0,0.0,16193.373288515711,16193.373288515711,40.0,-9.094947017729282e-13,11887.611722721027,11887.611722721027,88.0,,,
2025-03-11 00:00:00,0.0,12231.029871400304,12231.029871400304,112.0,0.0,16193.373288515711,16193.373288515711,40.0,-9.094947017729282e-13,11887.611722721027,11887.611722721027,88.0,,,
2025-03-12 00:00:00,0.0,12231.029871400304,12231.029871400304,112.0,0.0,16193.373288515711,16193.373288515711,40.0,-9.094947017729282e-13,11887.611722721027,11887.611722721027,88.0,,,
2025-03-13 00:00:00,0.0,12231.029871400304,12231.029871400304,112.0,0.0,16193.373288515711,16193.373288515711,40.0,-9.094947017729282e-13,11887.611722721027,11887.611722721027,88.0,,,
2025-03-14 00:00:00,0.0,12231.029871400304,12231.029871400304,112.0,0.0,16193.373288515711,16193.373288515711,40.0,-9.094947017729282e-13,11887.611722721027,11887.611722721027,88.0,,,
2025-03-17 00:00:00,0.0,12231.029871400304,12231.029871400304,112.0,0.0,16193.373288515711,16193.373288515711,40.0,-9.094947017729282e-13,11887.611722721027,11887.611722721027,88.0,,,
2025-03-18 00:00:00,0.0,12231.029871400304,12231.029871400304,112.0,0.0,16193.373288515711,16193.373288515711,40.0,0.0,11665.797190716437,11665.797190716437,128.0,,,
2025-03-19 00:00:00,0.0,12231.029871400304,12231.029871400304,112.0,0.0,16193.373288515711,16193.373288515711,40.0,0.0,11665.797190716437,11665.797190716437,128.0,,,
2025-03-20 00:00:00,0.0,12231.029871400304,12231.029871400304,112.0,0.0,16193.373288515711,16193.373288515711,40.0,0.0,11330.366906896425,11330.366906896425,126.0,,,
2025-03-21 00:00:00,0.0,12231.029871400304,12231.029871400304,112.0,0.0,16193.373288515711,16193.373288515711,40.0,0.0,11330.366906896425,11330.366906896425,126.0,,,
2025-03-24 00:00:00,0.0,12231.029871400304,12231.029871400304,112.0,0.0,16193.373288515711,16193.373288515711,40.0,0.0,11330.366906896425,11330.366906896425,126.0,,,
2025-03-25 00:00:00,0.0,12231.029871400304,12231.029871400304,112.0,0.0,16193.373288515711,16193.373288515711,40.0,0.0,11330.366906896425,11330.366906896425,126.0,,,
2025-03-26 00:00:00,0.0,12231.029871400304,12231.029871400304,112.0,0.0,16193.373288515711,16193.373288515711,40.0,0.0,11330.366906896425,11330.366906896425,126.0,,,
2025-03-27 00:00:00,0.0,12231.029871400304,12231.029871400304,112.0,0.0,16193.373288515711,16193.373288515711,40.0,0.0,11330.366906896425,11330.366906896425,126.0,,,
2025-03-28 00:00:00,0.0,12231.029871400304,12231.029871400304,112.0,0.0,16193.373288515711,16193.373288515711,40.0,0.0,11330.366906896425,11330.366906896425,126.0,,,
2025-03-31 00:00:00,0.0,12852.116386362577,12852.116386362577,100.0,0.0,16193.373288515711,16193.373288515711,40.0,0.0,11330.366906896425,11330.366906896425,126.0,,,
2025-04-01 00:00:00,0.0,12852.116386362577,12852.116386362577,100.0,0.0,16193.373288515711,16193.373288515711,40.0,0.0,11330.366906896425,11330.366906896425,126.0,,,
2025-04-02 00:00:00,0.0,12852.116386362577,12852.116386362577,100.0,0.0,16193.373288515711,16193.373288515711,40.0,0.0,11330.366906896425,11330.366906896425,126.0,,,
2025-04-03 00:00:00,0.0,12852.116386362577,12852.116386362577,100.0,0.0,16193.373288515711,16193.373288515711,40.0,0.0,11330.366906896425,11330.366906896425,126.0,,,
2025-04-04 00:00:00,0.0,12852.116386362577,12852.116386362577,100.0,0.0,16193.373288515711,16193.373288515711,40.0,0.0,11330.366906896425,11330.366906896425,126.0,,,
2025-04-07 00:00:00,2.0194839173657902e-28,12852.116386362577,12852.116386362577,68.0,0.0,16193.373288515711,16193.373288515711,40.0,0.0,11330.366906896425,11330.366906896425,126.0,,,
2025-04-08 00:00:00,0.0,12852.116386362577,12852.116386362577,116.0,0.0,16193.373288515711,16193.373288515711,40.0,0.0,11330.366906896425,11330.366906896425,126.0,,,
2025-04-09 00:00:00,0.0,12852.116386362577,12852.116386362577,116.0,0.0,16193.373288515711,16193.373288515711,40.0,0.0,11330.366906896425,11330.366906896425,126.0,,,
2025-04-10 00:00:00,0.0,12852.116386362577,12852.116386362577,116.0,0.0,16193.373288515711,16193.373288515711,40.0,0.0,11330.366906896425,11330.366906896425,126.0,,,
2025-04-11 00:00:00,0.0,12852.116386362577,12852.116386362577,116.0,0.0,16193.373288515711,16193.373288515711,40.0,0.0,11330.366906896425,11330.366906896425,126.0,,,
2025-04-14 00:00:00,0.0,12852.116386362577,12852.116386362577,116.0,0.0,16193.373288515711,16193.373288515711,40.0,0.0,11330.366906896425,11330.366906896425,126.0,,,
2025-04-15 00:00:00,0.0,12852.116386362577,12852.116386362577,116.0,0.0,14286.325659151122,14286.325659151122,21.0,0.0,11330.366906896425,11330.366906896425,126.0,,,
2025-04-16 00:00:00,0.0,12852.116386362577,12852.116386362577,116.0,0.0,14286.325659151122,14286.325659151122,21.0,0.0,11330.366906896425,11330.366906896425,126.0,,,
2025-04-17 00:00:00,0.0,12852.116386362577,12852.116386362577,116.0,0.0,14286.325659151122,14286.325659151122,21.0,0.0,11330.366906896425,11330.366906896425,126.0,,,
2025-04-21 00:00:00,0.0,12852.116386362577,12852.116386362577,116.0,0.0,14286.325659151122,14286.325659151122,21.0,0.0,11330.366906896425,11330.366906896425,126.0,,,
2025-04-22 00:00:00,0.0,12852.116386362577,12852.116386362577,116.0,0.0,14286.325659151122,14286.325659151122,21.0,0.0,11330.366906896425,11330.366906896425,126.0,,,
2025-04-23 00:00:00,0.0,12852.116386362577,12852.116386362577,116.0,0.0,14286.325659151122,14286.325659151122,21.0,0.0,11330.366906896425,11330.366906896425,126.0,,,
2025-04-24 00:00:00,0.0,12852.116386362577,12852.116386362577,116.0,0.0,14286.325659151122,14286.325659151122,21.0,0.0,11330.366906896425,11330.366906896425,126.0,,,
2025-04-25 00:00:00,0.0,12852.116386362577,12852.116386362577,116.0,0.0,14286.325659151122,14286.325659151122,21.0,0.0,11330.366906896425,11330.366906896425,126.0,,,
2025-04-28 00:00:00,0.0,16665.809338005834,16665.809338005834,113.0,0.0,14286.325659151122,14286.325659151122,21.0,0.0,11330.366906896425,11330.366906896425,126.0,,,
2025-04-29 00:00:00,0.0,16665.809338005834,16665.809338005834,113.0,0.0,14286.325659151122,14286.325659151122,21.0,0.0,11330.366906896425,11330.366906896425,126.0,,,
2025-04-30 00:00:00,0.0,16665.809338005834,16665.809338005834,113.0,0.0,14286.325659151122,14286.325659151122,21.0,0.0,11330.366906896425,11330.366906896425,126.0,,,
2025-05-01 00:00:00,0.0,16665.809338005834,16665.809338005834,113.0,0.0,14286.325659151122,14286.325659151122,21.0,0.0,11330.366906896425,11330.366906896425,126.0,,,
2025-05-02 00:00:00,0.0,16665.809338005834,16665.809338005834,113.0,0.0,14286.325659151122,14286.325659151122,21.0,0.0,11330.366906896425,11330.366906896425,126.0,,,
2025-05-05 00:00:00,0.0,16665.809338005834,16665.809338005834,120.0,0.0,14286.325659151122,14286.325659151122,21.0,0.0,11330.366906896425,11330.366906896425,126.0,,,
2025-05-06 00:00:00,0.0,16665.809338005834,16665.809338005834,120.0,0.0,14286.325659151122,14286.325659151122,21.0,0.0,11330.366906896425,11330.366906896425,126.0,,,
2025-05-07 00:00:00,0.0,16665.809338005834,16665.809338005834,121.0,0.0,14286.325659151122,14286.325659151122,21.0,0.0,11330.366906896425,11330.366906896425,126.0,,,
2025-05-08 00:00:00,0.0,16665.809338005834,16665.809338005834,121.0,0.0,14286.325659151122,14286.325659151122,21.0,0.0,11330.366906896425,11330.366906896425,126.0,,,
2025-05-09 00:00:00,0.0,16665.809338005834,16665.809338005834,121.0,0.0,14286.325659151122,14286.325659151122,21.0,0.0,11330.366906896425,11330.366906896425,126.0,,,
2025-05-12 00:00:00,0.0,16665.809338005834,16665.809338005834,121.0,0.0,14286.325659151122,14286.325659151122,21.0,0.0,11330.366906896425,11330.366906896425,126.0,,,
2025-05-13 00:00:00,0.0,16665.809338005834,16665.809338005834,121.0,0.0,14286.325659151122,14286.325659151122,21.0,0.0,11330.366906896425,11330.366906896425,126.0,,,
2025-05-14 00:00:00,0.0,16665.809338005834,16665.809338005834,121.0,0.0,14286.325659151122,14286.325659151122,21.0,0.0,11330.366906896425,11330.366906896425,126.0,,,
2025-05-15 00:00:00,0.0,16665.809338005834,16665.809338005834,121.0,0.0,14286.325659151122,14286.325659151122,21.0,0.0,11330.366906896425,11330.366906896425,126.0,,,
2025-05-16 00:00:00,0.0,16665.809338005834,16665.809338005834,121.0,0.0,14286.325659151122,14286.325659151122,21.0,0.0,11330.366906896425,11330.366906896425,126.0,,,
2025-05-19 00:00:00,0.0,16665.809338005834,16665.809338005834,121.0,0.0,14286.325659151122,14286.325659151122,21.0,0.0,11330.366906896425,11330.366906896425,126.0,,,
2025-05-20 00:00:00,0.0,16665.809338005834,16665.809338005834,121.0,0.0,14286.325659151122,14286.325659151122,21.0,0.0,11330.366906896425,11330.366906896425,126.0,,,
2025-05-21 00:00:00,0.0,16665.809338005834,16665.809338005834,121.0,0.0,14286.325659151122,14286.325659151122,21.0,0.0,11330.366906896425,11330.366906896425,126.0,,,
2025-05-22 00:00:00,0.0,16665.809338005834,16665.809338005834,121.0,0.0,14286.325659151122,14286.325659151122,21.0,0.0,11330.366906896425,11330.366906896425,126.0,,,
2025-05-23 00:00:00,0.0,16665.809338005834,16665.809338005834,121.0,0.0,14286.325659151122,14286.325659151122,21.0,0.0,11330.366906896425,11330.366906896425,126.0,,,
2025-05-27 00:00:00,0.0,16097.85994865887,16097.85994865887,161.0,0.0,14286.325659151122,14286.325659151122,21.0,0.0,11330.366906896425,11330.366906896425,126.0,,,
2025-05-28 00:00:00,0.0,16097.85994865887,16097.85994865887,161.0,0.0,14286.325659151122,14286.325659151122,21.0,0.0,11330.366906896425,11330.366906896425,126.0,,,
2025-05-29 00:00:00,0.0,16097.85994865887,16097.85994865887,161.0,0.0,14286.325659151122,14286.325659151122,21.0,0.0,11330.366906896425,11330.366906896425,126.0,,,
2025-05-30 00:00:00,0.0,16097.85994865887,16097.85994865887,161.0,0.0,14286.325659151122,14286.325659151122,21.0,0.0,11330.366906896425,11330.366906896425,126.0,,,
2025-06-02 00:00:00,0.0,16097.85994865887,16097.85994865887,172.0,0.0,14286.325659151122,14286.325659151122,21.0,0.0,11330.366906896425,11330.366906896425,126.0,,,
2025-06-03 00:00:00,0.0,16097.85994865887,16097.85994865887,172.0,0.0,14286.325659151122,14286.325659151122,21.0,0.0,11330.366906896425,11330.366906896425,126.0,,,
2025-06-04 00:00:00,0.0,16097.85994865887,16097.85994865887,172.0,0.0,14286.325659151122,14286.325659151122,21.0,0.0,11330.366906896425,11330.366906896425,126.0,,,
2025-06-05 00:00:00,0.0,16097.85994865887,16097.85994865887,171.0,0.0,14286.325659151122,14286.325659151122,21.0,0.0,11330.366906896425,11330.366906896425,126.0,,,
2025-06-06 00:00:00,0.0,16097.85994865887,16097.85994865887,171.0,0.0,14286.325659151122,14286.325659151122,21.0,0.0,11330.366906896425,11330.366906896425,126.0,,,
2025-06-09 00:00:00,0.0,16097.85994865887,16097.85994865887,171.0,0.0,14286.325659151122,14286.325659151122,21.0,0.0,11330.366906896425,11330.366906896425,126.0,,,
2025-06-10 00:00:00,0.0,16097.85994865887,16097.85994865887,171.0,0.0,14286.325659151122,14286.325659151122,21.0,0.0,11330.366906896425,11330.366906896425,126.0,,,
2025-06-11 00:00:00,0.0,16097.85994865887,16097.85994865887,171.0,0.0,14286.325659151122,14286.325659151122,21.0,0.0,11330.366906896425,11330.366906896425,126.0,,,
2025-06-12 00:00:00,0.0,16097.85994865887,16097.85994865887,171.0,0.0,14286.325659151122,14286.325659151122,21.0,0.0,11330.366906896425,11330.366906896425,126.0,,,
2025-06-13 00:00:00,0.0,16097.85994865887,16097.85994865887,171.0,0.0,15307.102608666492,15307.102608666492,42.0,0.0,11330.366906896425,11330.366906896425,126.0,,,
2025-06-16 00:00:00,0.0,16097.85994865887,16097.85994865887,171.0,0.0,15307.102608666492,15307.102608666492,42.0,0.0,12044.577382840082,12044.577382840082,95.0,,,
2025-06-17 00:00:00,0.0,16097.85994865887,16097.85994865887,171.0,0.0,15307.102608666492,15307.102608666492,42.0,0.0,12181.528829376508,12181.528829376508,132.0,,,
2025-06-18 00:00:00,0.0,16097.85994865887,16097.85994865887,171.0,0.0,15307.102608666492,15307.102608666492,42.0,0.0,12181.528829376508,12181.528829376508,132.0,,,
2025-06-20 00:00:00,0.0,16097.85994865887,16097.85994865887,171.0,0.0,15307.102608666492,15307.102608666492,42.0,0.0,12181.528829376508,12181.528829376508,132.0,,,
2025-06-23 00:00:00,-1.8189894035458565e-12,16249.153059835799,16249.153059835797,123.0,0.0,15307.102608666492,15307.102608666492,42.0,0.0,12181.528829376508,12181.528829376508,132.0,,,
2025-06-24 00:00:00,-1.8189894035458565e-12,16249.153059835799,16249.153059835797,123.0,0.0,15307.102608666492,15307.102608666492,42.0,0.0,12181.528829376508,12181.528829376508,132.0,,,
2025-06-25 00:00:00,-1.8189894035458565e-12,16249.153059835799,16249.153059835797,123.0,0.0,15307.102608666492,15307.102608666492,42.0,0.0,12181.528829376508,12181.528829376508,132.0,,,
2025-06-26 00:00:00,-1.8189894035458565e-12,16249.153059835799,16249.153059835797,123.0,0.0,15307.102608666492,15307.102608666492,42.0,0.0,12181.528829376508,12181.528829376508,132.0,,,
2025-06-27 00:00:00,-1.8189894035458565e-12,16249.153059835799,16249.153059835797,123.0,0.0,15307.102608666492,15307.102608666492,42.0,0.0,12181.528829376508,12181.528829376508,132.0,,,
2025-06-30 00:00:00,0.0,16249.153059835797,16249.153059835797,103.0,0.0,15307.102608666492,15307.102608666492,42.0,0.0,12181.528829376508,12181.528829376508,132.0,,,
2025-07-01 00:00:00,0.0,16249.153059835797,16249.153059835797,103.0,0.0,15307.102608666492,15307.102608666492,42.0,0.0,12181.528829376508,12181.528829376508,132.0,,,
2025-07-02 00:00:00,0.0,16249.153059835797,16249.153059835797,103.0,0.0,15307.102608666492,15307.102608666492,42.0,0.0,12181.528829376508,12181.528829376508,132.0,,,
2025-07-03 00:00:00,0.0,16249.153059835797,16249.153059835797,103.0,0.0,15307.102608666492,15307.102608666492,42.0,0.0,12181.528829376508,12181.528829376508,132.0,,,
2025-07-07 00:00:00,0.0,16249.153059835797,16249.153059835797,76.0,0.0,15307.102608666492,15307.102608666492,42.0,0.0,12181.528829376508,12181.528829376508,132.0,,,
2025-07-08 00:00:00,0.0,16249.153059835797,16249.153059835797,76.0,0.0,15307.102608666492,15307.102608666492,42.0,0.0,12181.528829376508,12181.528829376508,132.0,,,
2025-07-09 00:00:00,0.0,16249.153059835797,16249.153059835797,76.0,0.0,15307.102608666492,15307.102608666492,42.0,0.0,12181.528829376508,12181.528829376508,132.0,,,
2025-07-10 00:00:00,0.0,16249.153059835797,16249.153059835797,76.0,0.0,15307.102608666492,15307.102608666492,42.0,0.0,12181.528829376508,12181.528829376508,132.0,,,
2025-07-11 00:00:00,0.0,16249.153059835797,16249.153059835797,76.0,0.0,15307.102608666492,15307.102608666492,42.0,0.0,12181.528829376508,12181.528829376508,132.0,,,
2025-07-14 00:00:00,0.0,16249.153059835797,16249.153059835797,76.0,0.0,15307.102608666492,15307.102608666492,42.0,0.0,12181.528829376508,12181.528829376508,132.0,,,
2025-07-15 00:00:00,0.0,16249.153059835797,16249.153059835797,76.0,0.0,15307.102608666492,15307.102608666492,42.0,0.0,12181.528829376508,12181.528829376508,132.0,,,
2025-07-16 00:00:00,0.0,16249.153059835797,16249.153059835797,76.0,0.0,15307.102608666492,15307.102608666492,42.0,0.0,12181.528829376508,12181.528829376508,132.0,,,
2025-07-17 00:00:00,0.0,16249.153059835797,16249.153059835797,76.0,0.0,15307.102608666492,15307.102608666492,42.0,0.0,12181.528829376508,12181.528829376508,132.0,,,
2025-07-18 00:00:00,0.0,16249.153059835797,16249.153059835797,76.0,0.0,15307.102608666492,15307.102608666492,42.0,0.0,12181.528829376508,12181.528829376508,132.0,,,
2025-07-21 00:00:00,0.0,18028.266247025513,18028.266247025513,64.0,0.0,15307.102608666492,15307.102608666492,42.0,0.0,12181.528829376508,12181.528829376508,132.0,,,
2025-07-22 00:00:00,0.0,18028.266247025513,18028.266247025513,64.0,0.0,15307.102608666492,15307.102608666492,42.0,0.0,12181.528829376508,12181.528829376508,132.0,,,
2025-07-23 00:00:00,0.0,18028.266247025513,18028.266247025513,64.0,0.0,15307.102608666492,15307.102608666492,42.0,0.0,12181.528829376508,12181.528829376508,132.0,,,
2025-07-24 00:00:00,0.0,18028.266247025513,18028.266247025513,64.0,0.0,15307.102608666492,15307.102608666492,42.0,0.0,12181.528829376508,12181.528829376508,132.0,,,
2025-07-25 00:00:00,0.0,18028.266247025513,18028.266247025513,64.0,0.0,15307.102608666492,15307.102608666492,42.0,0.0,12181.528829376508,12181.528829376508,132.0,,,
2025-07-28 00:00:00,0.0,18028.266247025513,18028.266247025513,60.0,0.0,15307.102608666492,15307.102608666492,42.0,0.0,12181.528829376508,12181.528829376508,132.0,,,
2025-07-29 00:00:00,0.0,18028.266247025513,18028.266247025513,60.0,0.0,15307.102608666492,15307.102608666492,42.0,0.0,12181.528829376508,12181.528829376508,132.0,,,
2025-07-30 00:00:00,0.0,18028.266247025513,18028.266247025513,60.0,0.0,15307.102608666492,15307.102608666492,42.0,0.0,12181.528829376508,12181.528829376508,132.0,,,
2025-07-31 00:00:00,0.0,18028.266247025513,18028.266247025513,60.0,0.0,15307.102608666492,15307.102608666492,42.0,0.0,12181.528829376508,12181.528829376508,132.0,,,
2025-08-01 00:00:00,0.0,18028.266247025513,18028.266247025513,60.0,0.0,15307.102608666492,15307.102608666492,42.0,0.0,12181.528829376508,12181.528829376508,132.0,,,
2025-08-04 00:00:00,0.0,18028.266247025513,18028.266247025513,88.0,0.0,15307.102608666492,15307.102608666492,42.0,0.0,12181.528829376508,12181.528829376508,132.0,,,
2025-08-05 00:00:00,0.0,18028.266247025513,18028.266247025513,88.0,0.0,15307.102608666492,15307.102608666492,42.0,0.0,12181.528829376508,12181.528829376508,132.0,,,
2025-08-06 00:00:00,0.0,18028.266247025513,18028.266247025513,88.0,0.0,15307.102608666492,15307.102608666492,42.0,0.0,12181.528829376508,12181.528829376508,132.0,,,
2025-08-07 00:00:00,0.0,18028.266247025513,18028.266247025513,88.0,0.0,15307.102608666492,15307.102608666492,42.0,0.0,12181.528829376508,12181.528829376508,132.0,,,
2025-08-08 00:00:00,0.0,18028.266247025513,18028.266247025513,88.0,0.0,15307.102608666492,15307.102608666492,42.0,0.0,12181.528829376508,12181.528829376508,132.0,,,
2025-08-11 00:00:00,0.0,18028.266247025513,18028.266247025513,88.0,-1.8189894035458565e-12,15578.045786461169,15578.045786461167,41.0,0.0,12181.528829376508,12181.528829376508,132.0,,,
2025-08-12 00:00:00,0.0,18028.266247025513,18028.266247025513,88.0,-1.8189894035458565e-12,15578.045786461169,15578.045786461167,41.0,0.0,12181.528829376508,12181.528829376508,132.0,,,
2025-08-13 00:00:00,0.0,18028.266247025513,18028.266247025513,88.0,-1.8189894035458565e-12,15578.045786461169,15578.045786461167,41.0,0.0,12181.528829376508,12181.528829376508,132.0,,,
2025-08-14 00:00:00,0.0,18028.266247025513,18028.266247025513,88.0,-1.8189894035458565e-12,15578.045786461169,15578.045786461167,41.0,0.0,12181.528829376508,12181.528829376508,132.0,,,
2025-08-15 00:00:00,0.0,18028.266247025513,18028.266247025513,88.0,-1.8189894035458565e-12,15578.045786461169,15578.045786461167,41.0,0.0,12181.528829376508,12181.528829376508,132.0,,,
2025-08-18 00:00:00,0.0,22460.726991801464,22460.726991801464,118.0,-1.8189894035458565e-12,15578.045786461169,15578.045786461167,41.0,0.0,12181.528829376508,12181.528829376508,132.0,,,
2025-08-19 00:00:00,0.0,22460.726991801464,22460.726991801464,118.0,-1.8189894035458565e-12,15578.045786461169,15578.045786461167,41.0,0.0,12181.528829376508,12181.528829376508,132.0,,,
2025-08-20 00:00:00,0.0,22460.726991801464,22460.726991801464,118.0,-1.8189894035458565e-12,15578.045786461169,15578.045786461167,41.0,0.0,12181.528829376508,12181.528829376508,132.0,,,
2025-08-21 00:00:00,0.0,22460.726991801464,22460.726991801464,118.0,-1.8189894035458565e-12,15578.045786461169,15578.045786461167,41.0,0.0,12181.528829376508,12181.528829376508,132.0,,,
2025-08-22 00:00:00,0.0,22460.726991801464,22460.726991801464,118.0,-1.8189894035458565e-12,15578.045786461169,15578.045786461167,41.0,0.0,12181.528829376508,12181.528829376508,132.0,,,
2025-08-25 00:00:00,0.0,22460.726991801464,22460.726991801464,130.0,-1.8189894035458565e-12,15578.045786461169,15578.045786461167,41.0,0.0,12181.528829376508,12181.528829376508,132.0,,,
2025-08-26 00:00:00,0.0,22460.726991801464,22460.726991801464,130.0,-1.8189894035458565e-12,15578.045786461169,15578.045786461167,41.0,0.0,12181.528829376508,12181.528829376508,132.0,,,
2025-08-27 00:00:00,0.0,22460.726991801464,22460.726991801464,130.0,-1.8189894035458565e-12,15578.045786461169,15578.045786461167,41.0,0.0,12181.528829376508,12181.528829376508,132.0,,,
2025-08-28 00:00:00,0.0,22460.726991801464,22460.726991801464,130.0,-1.8189894035458565e-12,15578.045786461169,15578.045786461167,41.0,0.0,12181.528829376508,12181.528829376508,132.0,,,
2025-08-29 00:00:00,0.0,22460.726991801464,22460.726991801464,130.0,-1.8189894035458565e-12,15578.045786461169,15578.045786461167,41.0,0.0,12181.528829376508,12181.528829376508,132.0,,,
2025-09-02 00:00:00,0.0,22460.726991801464,22460.726991801464,113.0,-1.8189894035458565e-12,15578.045786461169,15578.045786461167,41.0,0.0,12181.528829376508,12181.528829376508,132.0,,,
2025-09-03 00:00:00,0.0,22460.726991801464,22460.726991801464,113.0,-1.8189894035458565e-12,15578.045786461169,15578.045786461167,41.0,0.0,12181.528829376508,12181.528829376508,132.0,,,
2025-09-04 00:00:00,0.0,22460.726991801464,22460.726991801464,113.0,-1.8189894035458565e-12,15578.045786461169,15578.045786461167,41.0,0.0,12181.528829376508,12181.528829376508,132.0,,,
2025-09-05 00:00:00,0.0,22460.726991801464,22460.726991801464,113.0,-1.8189894035458565e-12,15578.045786461169,15578.045786461167,41.0,0.0,12181.528829376508,12181.528829376508,132.0,,,
2025-09-08 00:00:00,0.0,22460.726991801464,22460.726991801464,113.0,-1.8189894035458565e-12,15578.045786461169,15578.045786461167,41.0,0.0,12181.528829376508,12181.528829376508,132.0,,,
2025-09-09 00:00:00,0.0,22460.726991801464,22460.726991801464,113.0,-1.8189894035458565e-12,15578.045786461169,15578.045786461167,41.0,0.0,12181.528829376508,12181.528829376508,132.0,,,
2025-09-10 00:00:00,0.0,22460.726991801464,22460.726991801464,113.0,-1.8189894035458565e-12,15578.045786461169,15578.045786461167,41.0,0.0,12181.528829376508,12181.528829376508,132.0,,,
2025-09-11 00:00:00,0.0,22460.726991801464,22460.726991801464,113.0,-1.8189894035458565e-12,15578.045786461169,15578.045786461167,41.0,0.0,12789.250105972818,12789.250105972818,106.0,,,
2025-09-12 00:00:00,0.0,22460.726991801464,22460.726991801464,113.0,-1.8189894035458565e-12,15578.045786461169,15578.045786461167,41.0,0.0,12789.250105972818,12789.250105972818,106.0,,,
2025-09-15 00:00:00,0.0,24016.884270879207,24016.884270879207,107.0,-1.8189894035458565e-12,15578.045786461169,15578.045786461167,41.0,6520.902924330982,7092.489085362661,13613.392009693644,28.0,,,
2025-09-16 00:00:00,0.0,24016.884270879207,24016.884270879207,107.0,-1.8189894035458565e-12,15578.045786461169,15578.045786461167,41.0,6520.902924330982,7092.489085362661,13613.392009693644,28.0,,,
2025-09-17 00:00:00,0.0,24016.884270879207,24016.884270879207,107.0,-1.8189894035458565e-12,15578.045786461169,15578.045786461167,41.0,6520.902924330982,7092.489085362661,13613.392009693644,28.0,,,
2025-09-18 00:00:00,0.0,24016.884270879207,24016.884270879207,107.0,-1.8189894035458565e-12,15578.045786461169,15578.045786461167,41.0,6520.902924330982,7092.489085362661,13613.392009693644,28.0,,,
2025-09-19 00:00:00,0.0,24016.884270879207,24016.884270879207,107.0,-1.8189894035458565e-12,15578.045786461169,15578.045786461167,41.0,6520.902924330982,7092.489085362661,13613.392009693644,28.0,,,
2025-09-22 00:00:00,0.0,24016.884270879207,24016.884270879207,92.0,-1.8189894035458565e-12,15578.045786461169,15578.045786461167,41.0,6520.902924330982,7092.489085362661,13613.392009693644,28.0,,,
2025-09-23 00:00:00,0.0,24016.884270879207,24016.884270879207,92.0,-1.8189894035458565e-12,15578.045786461169,15578.045786461167,41.0,6520.902924330982,7092.489085362661,13613.392009693644,28.0,,,
2025-09-24 00:00:00,0.0,24016.884270879207,24016.884270879207,92.0,-1.8189894035458565e-12,15578.045786461169,15578.045786461167,41.0,6520.902924330982,7092.489085362661,13613.392009693644,28.0,,,
2025-09-25 00:00:00,0.0,24016.884270879207,24016.884270879207,92.0,-1.8189894035458565e-12,15578.045786461169,15578.045786461167,41.0,6520.902924330982,7092.489085362661,13613.392009693644,28.0,,,
2025-09-26 00:00:00,0.0,24016.884270879207,24016.884270879207,92.0,-1.8189894035458565e-12,15578.045786461169,15578.045786461167,41.0,6520.902924330982,7092.489085362661,13613.392009693644,28.0,,,
2025-09-29 00:00:00,-4.484155085839415e-44,24016.884270879207,24016.884270879207,71.0,-1.8189894035458565e-12,15578.045786461169,15578.045786461167,41.0,6520.902924330982,7092.489085362661,13613.392009693644,28.0,,,
2025-09-30 00:00:00,-4.484155085839415e-44,24016.884270879207,24016.884270879207,71.0,-1.8189894035458565e-12,15578.045786461169,15578.045786461167,41.0,6520.902924330982,7092.489085362661,13613.392009693644,28.0,,,
2025-10-01 00:00:00,-4.484155085839415e-44,24016.884270879207,24016.884270879207,71.0,-1.8189894035458565e-12,15578.045786461169,15578.045786461167,41.0,6520.902924330982,7092.489085362661,13613.392009693644,28.0,,,
2025-10-02 00:00:00,-4.484155085839415e-44,24016.884270879207,24016.884270879207,71.0,-1.8189894035458565e-12,15578.045786461169,15578.045786461167,41.0,6520.902924330982,7092.489085362661,13613.392009693644,28.0,,,
2025-10-03 00:00:00,-4.484155085839415e-44,24016.884270879207,24016.884270879207,71.0,-1.8189894035458565e-12,15578.045786461169,15578.045786461167,41.0,6520.902924330982,7092.489085362661,13613.392009693644,28.0,,,
2025-10-06 00:00:00,-4.484155085839415e-44,24016.884270879207,24016.884270879207,71.0,-1.8189894035458565e-12,15578.045786461169,15578.045786461167,41.0,6520.902924330982,7092.489085362661,13613.392009693644,28.0,,,
2025-10-07 00:00:00,-4.484155085839415e-44,24016.884270879207,24016.884270879207,71.0,0.0,15955.053331592673,15955.053331592673,31.0,6520.902924330982,7092.489085362661,13613.392009693644,28.0,,,
2025-10-08 00:00:00,-4.484155085839415e-44,24016.884270879207,24016.884270879207,71.0,0.0,15955.053331592673,15955.053331592673,31.0,6520.902924330982,7092.489085362661,13613.392009693644,28.0,,,
2025-10-09 00:00:00,-4.484155085839415e-44,24016.884270879207,24016.884270879207,71.0,0.0,15955.053331592673,15955.053331592673,31.0,6520.902924330982,7092.489085362661,13613.392009693644,28.0,,,
2025-10-10 00:00:00,-4.484155085839415e-44,24016.884270879207,24016.884270879207,71.0,0.0,15955.053331592673,15955.053331592673,31.0,6520.902924330982,7092.489085362661,13613.392009693644,28.0,,,
2025-10-13 00:00:00,0.0,24528.594101269366,24528.594101269366,38.0,0.0,15955.053331592673,15955.053331592673,31.0,6520.902924330982,7092.489085362661,13613.392009693644,28.0,,,
2025-10-14 00:00:00,0.0,24528.594101269366,24528.594101269366,38.0,0.0,15955.053331592673,15955.053331592673,31.0,6520.902924330982,7092.489085362661,13613.392009693644,28.0,,,
2025-10-15 00:00:00,0.0,24528.594101269366,24528.594101269366,38.0,0.0,15955.053331592673,15955.053331592673,31.0,6520.902924330982,7092.489085362661,13613.392009693644,28.0,,,
2025-10-16 00:00:00,0.0,24528.594101269366,24528.594101269366,38.0,0.0,15955.053331592673,15955.053331592673,31.0,6520.902924330982,7092.489085362661,13613.392009693644,28.0,,,
2025-10-17 00:00:00,0.0,24528.594101269366,24528.594101269366,38.0,0.0,15955.053331592673,15955.053331592673,31.0,6520.902924330982,7092.489085362661,13613.392009693644,28.0,,,
2025-10-20 00:00:00,0.0,24528.594101269366,24528.594101269366,34.0,0.0,15955.053331592673,15955.053331592673,31.0,6520.902924330982,7092.489085362661,13613.392009693644,28.0,,,
2025-10-21 00:00:00,0.0,24528.594101269366,24528.594101269366,34.0,0.0,15955.053331592673,15955.053331592673,31.0,6520.902924330982,7092.489085362661,13613.392009693644,28.0,,,
2025-10-22 00:00:00,0.0,24528.594101269366,24528.594101269366,34.0,0.0,15955.053331592673,15955.053331592673,31.0,6520.902924330982,7092.489085362661,13613.392009693644,28.0,,,
2025-10-23 00:00:00,0.0,24528.594101269366,24528.594101269366,34.0,0.0,15955.053331592673,15955.053331592673,31.0,6520.902924330982,7092.489085362661,13613.392009693644,28.0,,,
2025-10-24 00:00:00,0.0,24528.594101269366,24528.594101269366,34.0,0.0,15955.053331592673,15955.053331592673,31.0,6520.902924330982,7092.489085362661,13613.392009693644,28.0,,,
2025-10-27 00:00:00,4.484155085839415e-44,24528.594101269366,24528.594101269366,33.0,0.0,15955.053331592673,15955.053331592673,31.0,6520.902924330982,7092.489085362661,13613.392009693644,28.0,,,
2025-10-28 00:00:00,0.0,24528.594101269366,24528.594101269366,53.0,0.0,15955.053331592673,15955.053331592673,31.0,6520.902924330982,7092.489085362661,13613.392009693644,28.0,,,
2025-10-29 00:00:00,0.0,24528.594101269366,24528.594101269366,53.0,0.0,15955.053331592673,15955.053331592673,31.0,6520.902924330982,7092.489085362661,13613.392009693644,28.0,,,
2025-10-30 00:00:00,0.0,24528.594101269366,24528.594101269366,53.0,0.0,15955.053331592673,15955.053331592673,31.0,6520.902924330982,7092.489085362661,13613.392009693644,28.0,,,
2025-10-31 00:00:00,0.0,24528.594101269366,24528.594101269366,53.0,0.0,15955.053331592673,15955.053331592673,31.0,6520.902924330982,7092.489085362661,13613.392009693644,28.0,,,
2025-11-03 00:00:00,0.0,24528.594101269366,24528.594101269366,53.0,0.0,15955.053331592673,15955.053331592673,31.0,6520.902924330982,7092.489085362661,13613.392009693644,28.0,,,
2025-11-04 00:00:00,0.0,24528.594101269366,24528.594101269366,53.0,0.0,15955.053331592673,15955.053331592673,31.0,6520.902924330982,7092.489085362661,13613.392009693644,28.0,,,
2025-11-05 00:00:00,0.0,24528.594101269366,24528.594101269366,53.0,0.0,15955.053331592673,15955.053331592673,31.0,6520.902924330982,7092.489085362661,13613.392009693644,28.0,,,
2025-11-06 00:00:00,0.0,24528.594101269366,24528.594101269366,53.0,0.0,15955.053331592673,15955.053331592673,31.0,6520.902924330982,7092.489085362661,13613.392009693644,28.0,,,
2025-11-07 00:00:00,0.0,24528.594101269366,24528.594101269366,53.0,0.0,15955.053331592673,15955.053331592673,31.0,6520.902924330982,7092.489085362661,13613.392009693644,28.0,,,
2025-11-10 00:00:00,3.637978807091713e-12,22374.91838536698,22374.918385366982,88.0,0.0,15955.053331592673,15955.053331592673,31.0,6520.902924330982,7092.489085362661,13613.392009693644,28.0,,,
2025-11-11 00:00:00,0.0,22374.918385366982,22374.918385366982,174.0,0.0,15955.053331592673,15955.053331592673,31.0,6520.902924330982,7092.489085362661,13613.392009693644,28.0,,,
2025-11-12 00:00:00,0.0,22374.918385366982,22374.918385366982,174.0,0.0,15955.053331592673,15955.053331592673,31.0,6520.902924330982,7092.489085362661,13613.392009693644,28.0,,,
2025-11-13 00:00:00,0.0,22374.918385366982,22374.918385366982,174.0,0.0,15955.053331592673,15955.053331592673,31.0,6520.902924330982,7092.489085362661,13613.392009693644,28.0,,,
2025-11-14 00:00:00,0.0,22374.918385366982,22374.918385366982,174.0,0.0,15955.053331592673,15955.053331592673,31.0,6520.902924330982,7092.489085362661,13613.392009693644,28.0,,,
2025-11-17 00:00:00,4.650618767894711e-13,22374.91838536698,22374.91838536698,157.0,0.0,15955.053331592673,15955.053331592673,31.0,6520.902924330982,7092.489085362661,13613.392009693644,28.0,,,
2025-11-18 00:00:00,4.650618767894711e-13,22374.91838536698,22374.91838536698,157.0,0.0,15955.053331592673,15955.053331592673,31.0,6520.902924330982,7092.489085362661,13613.392009693644,28.0,,,
2025-11-19 00:00:00,4.650618767894711e-13,22374.91838536698,22374.91838536698,157.0,0.0,15955.053331592673,15955.053331592673,31.0,6520.902924330982,7092.489085362661,13613.392009693644,28.0,,,
2025-11-20 00:00:00,4.650618767894711e-13,22374.91838536698,22374.91838536698,157.0,0.0,15955.053331592673,15955.053331592673,31.0,6520.902924330982,7092.489085362661,13613.392009693644,28.0,,,
2025-11-21 00:00:00,4.650618767894711e-13,22374.91838536698,22374.91838536698,157.0,0.0,15955.053331592673,15955.053331592673,31.0,6520.902924330982,7092.489085362661,13613.392009693644,28.0,,,
2025-11-24 00:00:00,4.650618767894711e-13,22374.91838536698,22374.91838536698,147.0,0.0,15955.053331592673,15955.053331592673,31.0,6520.902924330982,7092.489085362661,13613.392009693644,28.0,,,
2025-11-25 00:00:00,4.650618767894711e-13,22374.91838536698,22374.91838536698,147.0,0.0,15955.053331592673,15955.053331592673,31.0,6520.902924330982,7092.489085362661,13613.392009693644,28.0,,,
2025-11-26 00:00:00,4.650618767894711e-13,22374.91838536698,22374.91838536698,127.0,0.0,15955.053331592673,15955.053331592673,31.0,6520.902924330982,7092.489085362661,13613.392009693644,28.0,,,
2025-11-28 00:00:00,4.650618767894711e-13,22374.91838536698,22374.91838536698,127.0,0.0,15955.053331592673,15955.053331592673,31.0,6520.902924330982,7092.489085362661,13613.392009693644,28.0,,,
2025-12-01 00:00:00,4.650618767894711e-13,22374.91838536698,22374.91838536698,127.0,0.0,15955.053331592673,15955.053331592673,31.0,6520.902924330982,7092.489085362661,13613.392009693644,28.0,,,
2025-12-02 00:00:00,4.650618767894711e-13,22374.91838536698,22374.91838536698,127.0,0.0,15955.053331592673,15955.053331592673,31.0,6520.902924330982,7092.489085362661,13613.392009693644,28.0,,,
2025-12-03 00:00:00,4.650618767894711e-13,22374.91838536698,22374.91838536698,127.0,0.0,15955.053331592673,15955.053331592673,31.0,6520.902924330982,7092.489085362661,13613.392009693644,28.0,,,
2025-12-04 00:00:00,4.650618767894711e-13,22374.91838536698,22374.91838536698,127.0,0.0,15955.053331592673,15955.053331592673,31.0,6520.902924330982,7092.489085362661,13613.392009693644,28.0,,,
2025-12-05 00:00:00,4.650618767894711e-13,22374.91838536698,22374.91838536698,127.0,14118.825971799848,0.0,14118.825971799848,0.0,6520.902924330982,7092.489085362661,13613.392009693644,28.0,,,
2025-12-08 00:00:00,21616.05171776642,3.4762908601098592e-12,21616.051717766422,86.0,14118.825971799848,0.0,14118.825971799848,0.0,6520.902924330982,7092.489085362661,13613.392009693644,28.0,,,
2025-12-09 00:00:00,21616.05171776642,3.4762908601098592e-12,21616.051717766422,86.0,14118.825971799848,0.0,14118.825971799848,0.0,15772.048353179875,0.0,15772.048353179875,0.0,,,
2025-12-10 00:00:00,21616.05171776642,0.0,21616.05171776642,0.0,14118.825971799848,0.0,14118.825971799848,0.0,15772.048353179875,0.0,15772.048353179875,0.0,,,
SUMMARY,,,21616.05171776642,,,,14118.825971799848,,,,15772.048353179875,,1.161605171776642,0.4118825971799849,0.5772048353179875
